,Afghanistan,Albania,Algeria,American Samoa,Andorra,Angola,Anguilla,Antigua and Barbuda,Argentina,Armenia,Aruba,Australia,Austria,Azerbaijan,Bahamas,Bahrain,Bangladesh,Barbados,Belarus,Belgium,Belize,Benin,Bermuda,Bhutan,Bolivia (Plurinational State of),"Bonaire, Sint Eustatius and Saba",Bosnia and Herzegovina,Botswana,Brazil,British Virgin Islands,Brunei Darussalam,Bulgaria,Burkina Faso,Burundi,Cabo Verde,Cambodia,Cameroon,Canada,Cayman Islands,Central African Republic,Chad,Channel Islands,Chile,China,"China, Hong Kong Special Administrative Region","China, Macao Special Administrative Region",Colombia,Comoros,Congo,Cook Islands,Costa Rica,C?te d'Ivoire,Croatia,Cuba,Cura?ao,Cyprus,Czech Republic,Democratic People's Republic of Korea,Democratic Republic of the Congo,Denmark,Djibouti,Dominica,Dominican Republic,Ecuador,Egypt,El Salvador,Equatorial Guinea,Eritrea,Estonia,Ethiopia,Faeroe Islands,Falkland Islands (Malvinas),Fiji,Finland,France,French Guiana,French Polynesia,Gabon,Gambia,Georgia,Germany,Ghana,Gibraltar,Greece,Greenland,Grenada,Guadeloupe,Guam,Guatemala,Guinea,Guinea-Bissau,Guyana,Haiti,Holy See,Honduras,Hungary,Iceland,India,Indonesia,Iran (Islamic Republic of),Iraq,Ireland,Isle of Man,Israel,Italy,Jamaica,Japan,Jordan,Kazakhstan,Kenya,Kiribati,Kuwait,Kyrgyzstan,Lao People's Democratic Republic,Latvia,Lebanon,Lesotho,Liberia,Libya,Liechtenstein,Lithuania,Luxembourg,Madagascar,Malawi,Malaysia,Maldives,Mali,Malta,Marshall Islands,Martinique,Mauritania,Mauritius,Mayotte,Mexico,Micronesia (Federated States of),Monaco,Mongolia,Montenegro,Montserrat,Morocco,Mozambique,Myanmar,Namibia,Nauru,Nepal,Netherlands,New Caledonia,New Zealand,Nicaragua,Niger,Nigeria,Niue,Northern Mariana Islands,Norway,Oman,Pakistan,Palau,Panama,Papua New Guinea,Paraguay,Peru,Philippines,Poland,Portugal,Puerto Rico,Qatar,Republic of Korea,Republic of Moldova,R?union,Romania,Russian Federation,Rwanda,Saint Helena,Saint Kitts and Nevis,Saint Lucia,Saint Pierre and Miquelon,Saint Vincent and the Grenadines,Samoa,San Marino,Sao Tome and Principe,Saudi Arabia,Senegal,Serbia,Seychelles,Sierra Leone,Singapore,Sint Maarten (Dutch part),Slovakia,Slovenia,Solomon Islands,Somalia,South Africa,South Sudan,Spain,Sri Lanka,State of Palestine,Sudan,Suriname,Swaziland,Sweden,Switzerland,Syrian Arab Republic,Tajikistan,Thailand,The former Yugoslav Republic of Macedonia,Timor-Leste,Togo,Tokelau,Tonga,Trinidad and Tobago,Tunisia,Turkey,Turkmenistan,Turks and Caicos Islands,Tuvalu,Uganda,Ukraine,United Arab Emirates,United Kingdom of Great Britain and Northern Ireland,United Republic of Tanzania,United States of America,United States Virgin Islands,Uruguay,Uzbekistan,Vanuatu,Venezuela (Bolivarian Republic of),Viet Nam,Wallis and Futuna Islands,Western Sahara,Yemen,Zambia,Zimbabwe
Afghanistan,,,,,,,,,20,,,  2 729,  4 748,254,,215,,,140,45,,,,,2,,,,0,,,222,,,,,,  5 321,,,,,0,,,,107,,,,25,,,,,2,51,,,354,,,,18,237,,,,0,,,,,4,  3 346,,,,,,  33 279,,,621,,,,,,,,,,,,274,1,  14 159,, 3 123 968,241,29,,  2 724,271,,,74,,,,  1 334,,,20,,,,677,,40,,,,32,,,,,,,,,,,,,,,,,,64,,,  9 865,,156,27,,,,,253,, 3 276 673,,,,,,25,219,,,384,,,,,  19 103,,,,,,,,,,  166 255,,,,,,,26,1,,,59,,24,0,,,,,  3 368,  1 756,0,  8 485,0,,,,,,,,  7 652,,,,,  2 552,  1 630,  2 076,,  28 444,,,,,,,,,,,
Albania,,,,,,,,,148,,,984,  1 733,,,,,,,  1 363,,,,,6,,,,,,,103,,,,,,398,,,,,23,,,,57,,,,2,,0,242,,69,44,,,5,,,,8,111,,,,,,,,,0,  3 391,,,,,,  5 211,,,  63 963,,,,,,,,,,,,96,10,,,,,57,,,  44 935,,,,,,,,,,4,,,,315,,,290,,,,,,16,,,,,,,,,,0,,,,,,,,181,,,,,,,,21,,,,,,,,421,82,11,,,,,,591,  1 026,,,,,,,,27,,,,57,,,,,6,15,,,78,,162,,,,,,293,  1 333,,,,  45 001,,,,,,,801,,,,,,,156,,  5 627,,,,,17,,,,,,
Algeria,,,,,,,,,229,,,665,711,,,,,,27,  10 413,,,,,4,,,,,,,32,,,,,,  3 743,,,,,45,,,,17,,,,44,,0,103,,9,80,,,526,,,,16,543,,,,,,,,,233,  788 914,95,605,34,,,  8 493,7,,203,,,74,,,,,,,,,263,10,,,,,113,,  19 544,  6 171,,,222,,,,,,,6,,,,  1 551,,,98,,,,,380,21,,45,  1 450,,,47,,,,,,  9 188,,,716,,,  1 764,513,,50,293,,,,448,,,,,,,12,795,643,55,,,,,,3,  1 303,,,,,,,,,,,  3 464,6,,,,,8,4,,,348,,  11 518,,,,,,  1 320,  5 334,,198,,,,,,,,  13 757,156,,,,,,,  3 594,,  4 629,,,,,84,,,41,,,
American Samoa,,,,,,,,,,,,64,,,,,,,,,,,,,,,,,,,,,,,,,,111,,,,,,,,,,,,,,,,,,0,,,,,,,,,,,,,,,,,,,1,,,,,,,,,3,,,,,,,,,,,,,,,,,,,,,,,,,,,,,,,,,,,,,,,,,,,,,,,,,,,19,,,,,,,,,,,,,,,,,,,,,,,,,,,,,,,,,,,,959,,,,,,,995,,,,,,,,,,,,,,,,,,,,,,,,,,,,,,,,,,,,,,,,,,,,,,,,,,,,,,
Andorra,,,,,,,,,1,,,333,1,,,,,,,,,,,,2,,,,,,,0,,,,,,10,,,,,10,,,,42,,,,,,,,,,4,,,1,,,,,,,,,,,,,,1,  1 233,,,,,,,,,6,,,,,,,,,,,,,,,,,,0,,,2,,,,,,,,,,0,,,,,,,,,,,,,,,,,,,,,,,,,,,,,,,,,,,,,,,,,,,,,,,,,122,,,,,,,,,,,,,,,,,,,,,,,,,,,,,,  2 008,,,,,,,20,,,,,,,,,,,,,,,,,,6,,,,,,,,,,,,,
Angola,,,,,,,,,20,,,310,188,,,,,,,647,,,,,6,,,551,  4 868,,,4,,,  1 588,,0,  1 266,,,,,7,,,,49,,  10 334,,4,,,218,,,33,,  468 462,48,,,,14,23,,,247,,,,,,4,  11 499,,,342,,,,,,20,,,,,,,,,,,,32,10,,,,,92,,,304,,,,,,,,,,1,,,,,,,,,,,,70,,,,,,,39,,,,,,,,,  24 028,,,  1 727,,,,,,,,30,,,,,,,10,581,38,  141 573,,,,,,,519,,,,,,,,,468,,,,,,,,11,,,,  6 602,,  1 201,,,,,4,340,  3 772,,,,,,,,,,,,,,,,,,825,717,  2 252,,,,,167,,,,,  123 777,
Anguilla,,,,,,,,17,,,,,,,,,,,,,,,,,,168,,,,,,10,,,,,,106,,,,,8,,,,39,,,,,,,,,,,,,,,7,139,,,,,,,,,,,,8,,,,,,,,,6,,,,,,,,,,,,,,,,,,0,,,,,,,,,,,,,4,,,,,,,,,,,,,,,,,,,,,,,,,,,,,,,7,,,,,,,,,,,,,,,,,,,,,,,,,304,,,,16,,,,,,,,,,,,0,,,,,,,,,,,,,,,,,,,,,,,,,,,,,,,,95,,,  1 113,,,,,,,,,,
Antigua and Barbuda,,,,,,,,,,,,21,4,,13,,72,226,,,,,,,10,321,,,,388,,1,,,,,,  1 900,,,,,13,,,,37,,,,,,,,0,,1,,,0,,184,266,,14,,,,,,,,,0,19,,,,,,,,,12,,22,,,,,,5,,,,,,,,,,1,,,1,120,,,,,,,,,0,,,,,,,,,,,,,,,,,,,,,,,,172,,,,693,,,11,,,35,,,,,,,,,,,,,,,,,,,,,,,,,175,49,,51,,,,,,,,,,0,,,,,,,,,,,,,,20,,,,,,,,,,,,,,,,,,542,,  12 022,  4 398,,,,,,,,,,
Argentina,,,,,86,,,,,,,  13 155,839,,8,,,,76,276,,,,,  21 923,14,,,  28 350,,,7,,,5,,,  10 660,4,,,,  32 696,,,,  2 359,,,,  1 041,,143,373,,21,76,,,833,,,  2 642,  1 669,322,255,,,,,,27,,107,  10 137,,,,,,  4 499,,,641,,,,,285,,,,466,,145,22,5,,,,,63,,  25 526,  31 345,,  2 657,,,,,,,,9,,,,,0,83,38,,,,,,7,,,60,,,  4 340,,,,,,,,,74,,,  1 614,,419,185,,,,,445,,,,580,,  50 447,  8 122,32,251,303,  1 234,,,,,,582,,,,,,,,68,,,,5,,,,,20,92,,,623,,  42 923,,,,,,  1 913,  4 509,,,,,,,,,,,34,,,,,,,947,,  92 563,,  14 559,,,  9 483,,,,,,
Armenia,,,,,,,,,  1 236,,,388,  1 681,  202 586,,,,,  6 645,45,,,,,0,,,,,,,  1 207,,,,,,  1 771,,,,,21,,,,,,,,6,,,,,292,227,,,400,,,,13,179,,,,715,,,,,0,  6 547,,,,,  4 039,  5 581,,,  12 148,,,,,,,,,,,,186,2,,,521,,10,,,25,,,26,  7 596,,,,  7 381,,  1 552,,,,511,,815,,,,,,,11,,,,,,60,,,,,,,,,94,,,43,,,,,,,,4,,,,,,,,31,  1 181,16,,,,,,1,  535 266,,,,,,,,,,,,19,,,,,37,,,,,,282,,,,,,267,374,,257,,,,,,,,,192,  11 250,,,,  35 141,,81,,  41 481,,,  9 213,,30,,,,,,
Aruba,,,,,,,,7,1,,,26,,,,,,,,,,,,,0,  4 376,,,,,,1,,,,,,523,,,,,50,,,,283,,,,29,,,,,,,,,5,,17,330,,,,,,,,,,,1,10,,,,,,,,,41,,,,,,,,,,,,,0,,,,,1,,,,,,,,,,,,,1,,,,,,,,,,,,,,,,,,,,,,,,,,,,,,,557,,,,,,,,,,,,,,,,9,,,,,,,,,,,,,8,,,,,,,,,,,,0,,,,,,,,,,,,,,,,,,,,,,,,,,,,,,,,111,,  3 363,417,,,,430,,,,,,
Australia,,,,,36,,,7,625,,,,  1 371,,27,,,24,21,353,,,37,12,74,,,120,297,12,262,13,,,,54,,  13 390,24,9,,,675,  2 417,  6 092,,202,,,115,73,,694,,,741,56,96,,981,,3,67,125,525,33,,,,,,7,  1 306,452,  3 931,,63,,,,  6 205,17,,  19 643,,,,,47,,,,,,,832,60,  3 116,  5 963,,,532,123,  2 102,  8 059,,  3 976,188,,,64,,,18,45,,,,  1 499,,22,74,,,  1 851,37,,  3 435,,,,,,116,,,3,,,,,,793,202,,  7 853,226,  47 778,,,,11,,797,,,,115,  13 916,,420,943,863,348,,,315,,,,761,,,,7,,,236,,,,,82,67,,  2 913,,18,226,360,,  4 199,,  2 358,51,,,,8,  1 760,  3 033,,,593,,425,,7,,,,  2 910,,,,,,,  72 426,,  42 267,,,,442,131,16,,,,81,
Austria,,,,,,,,,  4 256,,,  22 977,,,15,,,,44,  1 010,,,26,,170,,310,,  4 756,,,26,,,,,,  25 600,16,20,,,594,,,,280,,,,80,,  1 265,,,88,  1 811,,,  1 275,,,965,182,716,18,,,,,,,,253,  11 675,,,,,,  189 349,,,  3 523,,,,,,,,,170,,,  5 206,52,,,,,49,,  6 373,  16 037,,309,78,,,,,,,50,,,,  2 044,  2 021,48,512,,,,50,,18,,,,,,429,,,3,,,,,,901,,,  6 902,,655,54,,,,,997,,,,41,,,140,92,  6 119,113,,,,,,722,  3 776,,,,,,,,,,,,860,,,,,281,  4 461,,,  3 523,,  2 259,,,,,,  4 731,  48 450,,98,,,,,,,,,  6 979,,,,,,,  20 222,,  87 673,,,,,  1 020,,,,,,
Azerbaijan,,,,,,,,,,  464 459,,99,592,,,,,,  15 651,45,,,,,0,,,,,,,8,,,,,,  1 041,,,,,3,,,,,,,,2,,,,,9,45,,,84,,,,,24,,,,  2 211,,,,,0,400,,,,,  7 911,600,,,171,,,,,,,,,,,,134,2,,,817,,10,,  14 696,6,,,,  35 789,,,,  14 455,,  1 399,,,,,,  2 193,,,,,,,,,,,,,,,,,,,,,,,,,40,,,,,,,,0,,,,,,,,,356,2,,,,  3 750,,,  936 852,,,,,,,,,,,,,,,,,4,,,,,,35,,,,,,148,119,,257,,,,,,,,,  4 062,  11 793,,,,  81 482,,77,,  9 026,,,  23 261,,,,,,,,
Bahamas,,,,,,,,5,,,,178,13,,,,,55,,2,,,,,9,44,,,,14,,1,,,,,,  1 061,59,,,,1,,,,,,,,10,,,,,0,,,,5,,5,91,16,11,,,,,,,,,1,64,,,,,,,,,21,,17,,,,,,4,,,,1,1,,,,,5,,,6,518,,,,,,,,,,,,,,,,,,,,,,,,,,,,,,,,,,,,,74,,,24,,,23,,,,,7,,,,,,,,,,,,,,,,,,,,5,6,,,,,,,,,,,,,,,,,,,5,,,,,,12,75,,,,,,,,,,,,,840,,,,,250,,  21 633,,,,,,,,,,,
Bahrain,,,,,,,,,28,,,493,12,,,,89,,,2,,,,,0,,,,,,,1,,,,,,297,,,,,3,,,,,,,,1,,,,,27,6,,,67,,,21,,382,,,,,,,,,2,55,,,,,,,,,5,,,,,,,,,,,,13,0,,,,,16,,,0,,,143,,,,189,,,0,65,,,  1 091,,,,,,,,,,,,,,,,,,,,,,,,72,,,49,,,,,,,,6,106,,,,,,,19,,,,54,,,,,,,,,,,,,,,,,,,,,,,,,,161,,3,4,  8 351,,,,42,78,,,,,,,,,,,,,,,,,231,583,,,,,,,,,,,,,
Bangladesh,,,,,,,,,,,,  2 315,  1 508,,,  20 442,,,,268,,,,24,5,,,,,,659,22,,,,,,  4 203,,,,,0,  1 858,297,,,,,,13,,,,,162,8,74,,241,,,,,112,11,,,,,,,  1 368,115,  2 198,,,,,,  4 767,,,  7 665,,,,,,,,,,,,60,0, 4 375 155,,,,157,,,  5 421,,  2 110,948,,,,  126 783,,,3,433,,,318,,,29,,,  23 930,  1 623,,6,,,,71,,35,,,,,,,,  1 370,48,,500,401,,252,,,,,434,558,  50 041,,,7,,,,70,60,76,,  36 556,658,,,3,  1 280,,,,,,,,,,  479 380,,,11,,  8 818,,,,,,  2 469,,248,7,,,,,  2 307,730,,,725,,103,,,,,,79,,,,50,,  154 869,  102 380,,  21 414,,,,,,225,,,,,
Barbados,,,,,,,,204,16,,,301,12,,234,,,,,5,,,,,7,142,,,,94,,1,,,,,,  14 225,65,,,,23,,,,,,,,8,,,,,,3,,,17,,61,,,,64,,,,,,,,4,42,,,,,,,,,6,,101,,,,,,156,,,,0,0,,,,,4,,,3,418,,,,,,,,,2,,,,,,,,,,,,,,,,,,,,,,,,,,,,,,,37,,,,,,,,9,,,,137,,,,,,,,,,,,,,,,41,324,,303,,,,,,,,,,0,,,,,30,,3,,,,,,79,44,,,,,,,,,  2 411,,,,,,,,,  21 736,,  43 015,289,,,,241,,,,,,
Belarus,,,,,,,,,669,  1 280,,260,918,626,,,,,,581,,,,,0,,,,,,,89,,,,,,  4 227,,,,,6,,,,,,,,5,,0,,,84,322,,,125,,,,,246,,,,  23 870,,,,,0,  1 126,,,,,  16 521,  1 190,,,592,,,,,,,,,,,,91,0,,,,,117,,  33 049,93,,,,  72 545,,,,  30 187,,  60 530,,,,702,,  80 249,42,,,,,,3,,,,,,,,,,,,,,,,,,14,,,,,,,,0,,,,,,,,,  148 245,38,,,,  13 665,,,  809 353,,,,,,,,,,,,16,,,,,60,16,,,113,,54,,,,,,352,140,,893,,,,,,,,,72,  3 259,,,,  403 448,,310,,  21 579,,,  37 057,,,,,,,,
Belgium,,,,,241,,,,  1 151,,,  4 620,  1 418,,8,,,,28,,,,18,,268,,,,  1 887,,,14,,642,14,,,  21 575,4,,,,  1 013,,,,377,,,,200,,192,,,65,186,,,727,,,490,285,672,95,,,,,,,,114,  127 976,75,,154,,,  21 902,,,  5 284,,,186,,,207,,,,,19,98,34,,,,,471,,  3 657,  14 298,,402,33,,,,,,,14,,,,  1 918,1,30,  11 205,,,,,,19,,58,56,76,,730,,,,,,959,,,272,,,  41 730,,,52,,,,,782,,,,26,,,438,76,  3 969,  1 464,,,,,,273,859,,,,,,,,,,,,13,32,,,,62,250,,,  5 864,,  16 881,,,,,,943,  9 525,,,,,,24,,,,,  4 703,,,,45,,,  16 085,,  34 366,,,,,514,,,,,,
Belize,,,,,,,,8,12,,,34,22,,31,,,0,,,,,,,991,,,,,,,0,,,,,,935,111,,,,16,,,,,,,,202,,,,,0,1,,,5,,,,,,244,,,,,,,,0,7,,,,,,,,,5,,,,,543,,,,,,213,0,0,,,,,1,,,4,6,,,,,,,,,,,,,,,,,,,,,,,,,,,,  1 415,,,,,,,,,,,,,,,60,,,,,,,,,64,,,,,,,,,,,,,,,,,1,,,,,,,,,,,,,,,,,,,3,,,,,,,11,,,,,,,,,,,,,,,,,,  1 194,,  29 957,,,,,18,,,,,,
Benin,,,,,,,,,,,,17,44,,,,,,,989,,,,,0,,,,,,,2,  2 054,,,,,262,,,,,0,,,,,,  4 357,,1,  51 216,,,,2,7,,,14,,,,,46,,,,,,,,,1,  11 476,,,  16 115,,,610,  8 959,,5,,,,,,  2 351,,,,,,11,,,,,,6,,,107,,,,,,,,,,0,,,63,,,,,,,,,542,,,,491,,,,,,,,,,,,230,,,53,,,,  8 948,  96 599,,,11,,,,,,,,,,7,,,,,,,317,,,,,,,,,,,  2 984,,,262,,,,,,,192,,30,,,,,,17,174,,,,,,  24 038,,,,,,,,,,,,32,,,,,,,,,,,,,
Bermuda,,,,,,,,9,,,,351,10,,34,,,0,,,,,,,0,,,,,,,0,,,,,,  1 674,11,,,,21,,,,,,,,5,,,,,0,1,,,9,,,9,,,,,,,,,,,0,53,,,,,,,,,2,,,,,,,,,,,,0,1,,,,,11,,,,,,,,,,,,,,,,,,,,,,,,,,,,,,,,,,,,,,,,,,,,9,,,,,,,,,,,,,,,,,,,,,,,,,,,,,3,,,,,,,,,,,,,,,,,61,,,,,,,,,,,,,,,,,,,,,,,,,,,  61 457,,  7 972,,,,,,,,,,,
Bhutan,,,,,,,,,,,,25,14,,,,,,,59,,,,,,,,,,,,1,,,,,,0,,,,,4,,,,,,,,3,,,,,,0,,,7,,,9,,,,,,,,,,,0,240,,,,,,,,,6,,,,,,,,,,,,,,  11 088,,,,1,,,12,,,,,,,,,,,,,,,,,,,,,,,,,,,,,,,,,,,,,,,,  16 805,9,,,,,,,,5,,,,,,,,,,,,,,,,,,,,,,,,,,,,,,,,,,,,,,,,,2,,,,,7,58,,,,,,,,,,,,,,,,,,11,,,,,,,,,,,,,
Bolivia (Plurinational State of),,,,,,,,,  147 234,,,509,280,,,,,,,247,,,,,,,,,  15 996,,,1,,,,,,  1 545,,,,,  7 277,,,,634,,,,269,,0,128,,3,12,,,60,,,363,509,,73,,,,,,,,24,  1 287,,,,,,  1 634,,,9,,,,,67,,,,,,112,14,6,,,,,3,,,94,,,,,,,,,,,,,,,,,,,,,,,,,,,,,  1 519,,,,,,,,,,,,216,,,47,,,,,117,,,,213,,809,  4 094,108,35,15,109,,,,,,392,,,,,,,,,,,,,,,,,,,,,158,,  1 806,,,,,,  1 845,  1 129,,,,,,,,,,,,,,,,,,158,,  31 303,,,,,  2 224,,,,,,
"Bonaire, Sint Eustatius and Saba",,,,,,,,4,,,53,,,,,,,,,,,,,,13,,,,,,,,,,,,,,,,,,,,,,,,,,,,,,,,,,,,,,,,,,,,,,,,,,82,,,,,,,,,,,,,,,,,,,,,,,,,,,,,,,,,,,,,,,,,,,,,,,,,,,,,,,,,,,,,,,,,,,,,,,  2 761,,,,,,,,,,,,,,,,,,,,,,,,,,,,,,,175,,,,,,,,,,0,,,,,,,,,,,,,,,,,,,,,,,,,,,,,,,,,,,330,,,,907,,,,,,
Bosnia and Herzegovina,,,,,,,,,,,,  22 312,  92 349,,,,,,,  1 966,,,,,0,,,,,,,18,,,,,,  25 135,,,,,6,,,,,,,,,,  312 821,,,17,355,,,  16 411,,,6,,23,,,,,,,,,0,  8 357,,,,,,  108 349,,,487,,,,,,,,,,,,381,9,,,,,123,,,  4 034,,,320,,,,,,,2,,,,66,297,,  2 334,,,,,,25,,,,,,,,,,,,,,,,,,131,,,,,,,,3,,,,,,,,,  4 625,13,,,,,,,876,,,,,,,,,,,,  42 141,,,,,47,  70 670,,,147,,643,,,,,,  40 488,  41 166,,,,  4 365,,,,,,,  6 811,,,,,,,  1 816,,  55 354,,,,,21,,,,,,
Botswana,,,,,,,,,,,,153,15,,0,,,,,8,,,,,,,,,,,,7,,,,,,77,,,,,5,,,,,,,,,,,,,2,0,,,34,,,,,,,,,,,,,,1,182,,,,,,,,,3,,,,,,,,,,,,1,,,,,,15,,,1,,,,,,,,,,,,103,,,,,,,,,,,,,,,,,,,,,,,,,,975,,,89,,,,,,,,35,,,,,,,,,,,,,,,,,194,,,,,,,,,,,,,,,,,,,,,  18 470,,,,,,,161,38,19,,,,,,,,,,,,,,,,,,  1 955,80,,,,,,,,,,,469,  2 945
Brazil,,,,,,,,,  34 359,,,  2 926,  2 857,,36,,552,,69,895,,,,,  10 558,,,,,,,8,,,77,,,  7 028,22,0,,,  4 332,  12 090,,,  1 728,,,,346,,122,,,15,28,479,,765,,,950,968,137,329,,,,,6,,,162,  20 435,  6 204,,,,,  11 446,7,,  1 460,,,35,,77,248,,485,,,179,68,11,,,,,380,,  5 866,  25 441,,  56 445,101,,,,,,,8,,,,390,36,75,288,,,,,,27,,16,143,,,  1 682,,,,,,,,,790,,,  3 820,,718,138,,,,,576,,,,633,,  111 355,  3 476,123,299,  23 722,185,,,,,2,577,,,,5,,,,18,,,536,5,,,,,4,7,,,979,,  13 454,,,,  2 100,,  2 747,  13 295,,,,,152,,,,,,83,,,,,,,  9 560,,  82 489,,  10 581,,,  4 323,,,,,,
British Virgin Islands,,,,,,,,66,,,,6,,,5,,,,,,,,,,,0,,,,,,21,,,,,,72,,,,,0,,,,,,,,,,,,,,,,,,,31,12,,,,,,,,,,,,,,,,,,,,,12,,8,,,,,,,,,,,,,,,,0,,,,,,,,,,,,,,,,,,,,,,,,,,,,,,,,,,,,,,,,,,,,,,,,,,,,,,,,,,,,,,,,,,,,,,,,106,2,,,,,,,,,,,,0,,,,,23,,,,,,,,,,,,,,,,,,,,18,,,,,,,47,,,  2 665,,,,,,,,,,
Brunei Darussalam,,,,,,,,,2,,,  1 620,3,,,,,,,,,,,,,,,,,,,0,,,,,,  4 246,,,,,0,,,,,,,,,,,,,1,,,,4,,,,,65,,,,,,,,,0,33,,,,,,,,,,,,,,,,,,,,,,,  16 220,,,,3,,,0,,,11,,,,,,,,,,,,,,,,,  3 234,,,,,,,,,,,,,,,,,,,,,273,,,,,,,,20,,,,,,,,106,,,,,,,,,,,,,,,,,,,,,,,,,,,,,,23,,1,,,,,,,32,,38,,,,,,,,,,,,,,,,388,,,,,,,,,,,,,
Bulgaria,,,,,,,,,975,,,  1 755,  8 666,,0,,,,30,909,,,,,16,,,,409,,,,,,,,,  2 874,,,,,65,,,,68,,,,39,,0,296,,  1 531,  1 154,,,224,,,357,65,71,,,,,,,,,274,  9 404,,,,,,  27 077,,,  7 509,0,,,,,,,,,,,  1 962,18,,,,,178,,  19 353,446,,,91,  4 142,,,,,,390,,,,,18,33,42,,,,,,77,,,,,,69,,,2,,,,,,45,,,827,,,88,,,,,369,,,,25,,,48,,  2 414,183,,,,462,,  24 353,  10 760,,,,,,,,,,,,139,,,,,362,65,,,  3 836,,  1 084,,,,,,  2 756,  2 439,,,,  1 075,,,,,,,  462 767,,,,,  2 094,,  1 670,,  8 579,,,,,126,,,,,,
Burkina Faso,,,,,,,,,26,,,30,67,,,,,,,294,,  1 240,,,,,,,,,,3,,,,,,38,,,,,1,,,,,,,,,  927 756,,,,,1,,,2,,,,,67,,,,,,,,,0,  3 831,,,  2 158,,,563,  41 668,,5,,,,,,479,,,,,,,0,,,,,2,,,381,,,,,,,,,,,,,388,,,,,,,,,  23 024,,,,,,,,,,,,,,,,105,,,91,,,,  9 596,,,,19,,,,,,,,,,,,,,,,,525,,,,,,,,,,,,,,35,,,,,,,,,96,,,,,,26,206,,,,,,  6 133,,,,,,,,,,,,12,,,,,,,,,,,,,
Burundi,,,,,,,,,,,,15,53,,,,,,,382,,,,,0,,,,,,,4,,,,,,489,,,,,18,,,,,,,,,,,,,1,0,,  20 203,23,,,3,,47,,,618,,19,,,,3,  1 344,,,52,,,233,,,44,,,,,,,,,,,,,,,,,,9,,,101,,,,,99,,,,,1,,,,,,,,,705,,,,,,,,,,,,,,,,,,,575,,,222,,,,,,,,0,,,,,,,,,,,,,,,,,171,  26 238,,,,,,,,,,,,,,,,,,,,  2 092,,5,,,,,7,65,306,,,,,,,,,,,,,,,  50 561,,,281,  232 210,,,,,,,,,,,0,
Cabo Verde,,,,,,  3 569,,,51,,,20,22,,,,,,,128,,,,,0,,,,,,,2,,,,,,48,,,,,5,,,,,,,,,274,,,,,3,,,5,,,3,,,,,,,,,,,2,  16 358,,,,,,,,,32,,,,,,98,355,,,,,,19,,,,,1,,,  6 799,,,,,,,,,,1,,,,,,,  1 148,,,,,,,,,,,,,,,,,,,  3 144,,,,,  7 912,,,,,,,,163,,,,,,,,12,,  30 179,,,,,,,52,,,,,,,,,  4 250,,,,,5,,,,,,,,,  1 274,,,,,,231,  1 084,,,,,,19,,,,,,,,,,,,45,,  14 368,,,,,,,,,,,
Cambodia,,,,,,,,,46,,,  20 651,528,,,,  12 924,,,164,,,,,0,,,,,,,6,,,,,,  17 233,,,,,2,,,,,,,,2,,,,,0,4,,,50,,,118,,,,,,,,,,,62,  69 234,,,,,,  1 666,,,8,,,,,,,,,,,,65,1,,,,,2,,,41,,  1 171,,,,,,,  1 398,0,,,,,,,,,,747,,,,,,,,,,,,,,,,,,,,,261,482,  4 114,,,,,,107,,,,,,,,  7 528,31,,,,3,,,,227,,,,,,,,,,,,,,,,,,,,,,,5,,,,,,254,  1 637,,,  73 756,,,,,,,,,,,,,,,97,,  118 833,,,,,,  21 150,,,,,
Cameroon,,,,,,,,,,,,68,360,,,,,,,  1 592,,,,,1,,,,,,,1,,,,,,302,,,  30 992,,18,,,,,,  3 464,,8,,,,,14,1,,,31,,,3,15,135,,202,,,,,,,6,  36 846,,,  15 636,,,  2 178,61,,188,,,,,,,,,,,,6,1,,,,,67,,,254,,,,,,,,,,1,,,,,,,58,,,,,592,,,,350,,,5,,,,,,,,,175,,,431,,,,265,  10 242,,,121,,,,,,,,,14,16,,,,,,0,738,,,,,,,,,,,837,,,,,,,0,,,  2 303,,428,,,,,,84,  2 245,,,,,,334,,,,0,,,,,,,,451,,  3 161,,,,,,,,,,10,
Canada,,  1 151,,,,,28,218,796,,,  27 452,  1 402,,730,,,668,85,  1 526,542,,  2 295,17,  1 765,52,,112,970,120,,17,,,,20,,,426,19,,,  1 051,  3 756,  8 414,,682,,,,810,,473,135,,374,121,149,,  2 175,,67,  3 562,806,331,508,,,29,,3,,,960,  16 520,,114,90,,,  9 241,147,,  14 677,13,85,197,,272,297,37,92,628,,264,226,145,  6 474,286,,,371,104,  4 777,  10 188,  1 140,  4 910,241,,,,,,,42,,,247,946,,66,229,,,,12,,  1 385,,,46,36,,  3 100,,,26,,56,,,,279,,,  6 485,,  6 566,185,,,,,  2 126,,,,140,358,  1 418,875,628,  2 207,  4 262,231,,513,,,,394,,,,107,205,143,16,,,,,1,,38,717,0,40,274,,,  2 877,,  2 236,2,,,,4,  1 791,  6 669,,77,917,,,18,,,963,,345,,162,,101,,,  63 555,184,  744 830,,427,,,981,26,,,,227,
Cayman Islands,,,,,,,,,,,,3,,,9,,,,,,,,,,,,,,,,,0,,,,,,96,,,,,17,,,,,,,,8,,,,,,,,,,,,,,,,,,,,,,,0,,,,,,,,,,15,,,,,,,,,,,68,,,,,,,5,,,,,,,,,,,,,,,,,,,,,,,,,,,,,,,,,,,,,,,,,,,,,,,,,,,,,,,,,,,,,,,,,,,,,,,,,2,,,,,,,,,,,,,,,,,,,,,,,,,,,,,,,,,,,,,,,,,,,,150,,,,,,,,,,,,,
Central African Republic,,,,,,,,,,,,6,16,,,,,,,68,,,,,0,,,,,,,,,,,,,14,,,  8 067,,8,,,,,,  10 616,,5,,,,,4,1,,,1,,,6,,51,,,,,,,,,0,  8 492,,,,,,,,,42,,,,,,,,,,,,4,,,,,,1,,,6,,,,,,,,,,1,,,,,,,,,,,,283,,,,,,,,,,,,,,,,,,,14,,,,,,,,,,,,,,,,,,,,,,,,,131,,,,,,,,,,,,,,,,,,12,,,118,0,13,,,  17 911,,,8,120,,,,,,179,,,,,,,,,,,,42,,,,,,,,,,,,,
Chad,,,,,,12,,,,,,15,7,,,140,,,,94,,367,,,6,,,,,,,1,,,,,  95 527,106,,  10 010,,,4,,,,,,  3 239,,,,,,,,2,,,1,,,3,,305,,,,,,,,,1,  2 554,,,  1 396,,,265,8,,18,,,,,,,,,,,,2,,,,,,2,,,17,,,4,,,,870,,,,,,,871,,,,,,,,,,,,47,,,,,,,,,,,,,,,28,,,,  1 443,  11 111,,,7,,,,,,,,,,,,  10 484,,,,,161,,,,,,,,,,,,,,,,,8,,,,,0,7,,,  196 164,,,22,157,,,,,,342,,,,,,,,,,,  1 063,25,,,,,,,,,,,,,
Channel Islands,,,,,,,,,,,,,,,,,,,,,,,,,,,,,,,,,,,,,,,5,,,,,,,,,,,,97,,,,,,,,,,,,,,,,,,,,,,,,,,,,,,,,,2,,,,,,,,,,,,,,,,,,,182,,,,,,,,,,,,,,,,,,,,,,,,,,,,,,,,,,,,,,,,,,,,,,,,,,,,,,,,,,,,,,,,,,,,,,,,,,,,,,,,,,,,,,,,,,,,,,,,,,,,,,,,,,,,,,,,,,,,  18 441,,,,,,,,,,,,,
Chile,,,,,68,,,,  223 528,,,  29 145,693,,9,,,,,  1 178,,,,,  4 807,,,,  22 243,,,3,,,,,,  21 945,,,,,,,,,  1 859,,,,  1 490,,122,393,,12,7,,,  1 070,,,  1 891,  5 302,21,380,,,,,,43,,166,  13 207,,,,,,  6 888,,,783,,,,,271,,,,333,,273,112,15,,,,,27,,  2 613,  8 674,,,,,,,,,,1,,,,,,,56,,,,,,,,,,,,  2 783,,,,,,,,,48,,,  2 655,,826,144,,,,,  5 496,,,,998,,  2 460,  5 138,9,33,55,924,,,,,0,638,,,,,,,,,,,,,,,,,2,7,,,650,,  11 887,,,,,,  21 091,  4 716,,,,,,,,,,,10,,,,,,,717,,  55 681,,  1 161,,,  22 198,,,,,,
China,,,,100,,,,57,  4 268,,247,  97 526,  9 703,,67,,  140 163,0,,  2 683,551,,85,422,805,23,,874,  8 532,,  1 509,362,,,30,707,,  168 079,,,,,  1 124,, 1 659 157,  172 346,  1 233,,283,,252,,0,658,,398,303,  19 668,,  1 301,,14,  3 613,654,479,260,,8,59,,1,,848,428,  41 681,961,546,107,,421,  19 834,121,,329,0,,,  1 719,307,134,,263,348,,394,941,58,  18 165,  258 310,,,563,,  1 027,  32 172,,  150 383,192,695,,,,770,  4 125,24,88,162,,  1 366,28,157,  1 017,  1 481,,  91 377,,301,148,40,68,142,346,,  1 240,,,  1 649,,,,,  72 413,  4 593,504,  21 906,  20 779,77,  9 059,55,,,,  2 598,  1 862,,490,320,  10 235,135,  1 953,  2 923,  53 792,922,673,339,,  19 827,,,605,  67 405,,,,21,,,93,,,,,216,58,280,  150 447,0,49,61,241,,  8 690,,  8 432,37,,  1 678,  2 055,,  6 920,  8 082,,74,58,,928,247,,91,469,,529,,,,142,  7 924,,  23 384,,  773 939,,,,,  6 458,612,,,,100,
"China, Hong Kong Special Administrative Region",,,,,,,,,9,,,  57 852,154,,46,,,,,,47,,,,0,58,,,,,382,,,,,54,,  230 328,,,,,29,  2 458,,  11 736,32,,,,  1 504,,,,,,6,97,,492,,,,33,,13,,,,,,,,,  2 227,,,,,,,,,30,,,,,,,,,,,,,,,,,,86,,,,,,1,,,,,,,,,,,,,,,,,,,,,,,,91,,,8,,,,,,,,,,,,,  4 839,,,,,,728,,,,187,,,,196,,27,,,,,,,38,,,,,,,,,,,,,,,  15 043,,,,,,  1 786,,,,,,,,440,,,,,,,,,,,,14,,,,,,,  72 371,,  147 131,,,,,507,,,,,,
"China, Macao Special Administrative Region",,,,,,,,,,,,  1 699,9,,,,,,,,,,,,,,,,,,,,,,,,,  6 592,,,,,31,  12 256,  57 222,,,,,,2,,,,,,,,,5,,,,,,,,,,,,,,,111,,,,,,,,,,,,,,,,,,,,,,,,,,,,,,,,,,,,,,,,,,,,,,,,,,,,,,,,,,,,,,,,,,,,,,,,,,,,,,,17,,,,,,,,,,842,,,,,,,,,,,,,,,,,,,,,,  11 755,,,,,,,,,,,,,,,,,,,,,,,,,,,,,,,,,,,  5 107,,,,,,,,,,,
Colombia,,,,,,,,,  2 702,,  1 849,  2 106,864,,28,,,,,564,,,,,651,787,,,  2 223,,,1,,,,,,  7 547,73,,,,  1 554,,,,,,,,  4 372,,0,353,,31,18,,,807,,,  4 697,  40 238,65,386,,,,,22,,,132,  15 050,,,,,,  4 218,,,442,,,,,490,,,,828,,409,33,21,,,,,,,  1 155,  9 633,,,15,,,,,,,2,,,,,0,,26,,,,,,,,,,,,  4 660,,,,,,,,,,,,  4 915,,235,298,,,,,  1 618,,,,  13 968,,,  4 247,156,81,107,  3 399,,,,,,336,,,,,,,,,,,,,,,,0,3,2,,,118,,  12 548,,,,,,  5 749,  5 057,,,,,,,,,,,11,,,,,,,  5 546,,  286 124,,,,,  555 578,,,,,,
Comoros,,,,,,,,,,,,,,,,,,,,,,,,,,,,,,,,,,,,,,19,,,,,4,,,,,,,,,,,,,,0,,,18,,,,,431,,,27,,,,,,1,  18 859,,,,,,,,,0,,,,,,,,,,,,,,,,,,0,,,3,,,,,,,,,,,,,,  1 230,,,,  8 179,,,,,,,,,,  10 288,,,,,,,,,,,,,,,,,,,,,,,,,,,,,,,,,,,,441,,17,,,,,,,,,,,,,,,,,,,,,194,,,,,,,,,15,,,,,,,,,,,,,,,,,,7,343,,,,,,,,,,,,
Congo,,,,,,410,,,92,,,134,252,,,,,,,989,,537,,,1,,,,,,,10,,,,,,87,,,715,,2,,,,,,,,7,,,,,,16,,  3 647,31,,,,,26,,,,,,,,,12,  48 395,,,  5 037,,,351,,,35,,,,,,,,,,,,18,,,,,,163,,,508,,,,,,,,,,1,,,,74,,,,,735,,,  4 022,,,,,,,,,,,,,  1 286,,,  1 652,,,295,,,,,,,,132,,,,,,,,121,68,532,,,,,,,492,,,,,,,,,,,,,,,,,1,,,,  1 302,,93,,,,,1,125,  3 193,,,,,,123,,,,,,,,,,,,456,  15 007,,,,,,,,,,,116,
Cook Islands,,,,,,,,,,,,  2 295,,,,,,,,,,,,,,,,,,,,,,,,,,10,,,,,2,,,,,,,,,,,,,,,,,1,,,9,,,,,,,,,,30,,4,,,,,,,,,5,,,,,,,,,,,,,,,,,,,,,,,,,,,,,,,,,,,,,,,,,,,,,,,,,,,,,,,,,,,,,,,,  15 136,,,,,,,,,,,,,,,,,,,,,,,,,,,,,,6,,,,,,,,,,,,,,,,,,,,,,,,,,,,,,,,,,,,,,,,,,,,,,,,,,,,,,
Costa Rica,,,,,,,,,462,,,236,99,,10,,,,,60,,,,,102,,,,388,,,1,,,,,,  1 304,88,,,,428,,,,691,,,,,,,,,1,3,,,42,,,  1 552,313,,  1 558,,,,,,,,10,421,,,,,,516,,,26,,,,,758,,,,274,,594,8,3,,,,,2,,,92,96,,,,,,,,,0,,,,,,,,,,,,,,,,,,,  2 088,,,,,,,,,,,,207,,,  5 959,,,,,130,,,,  3 919,,,240,21,28,,487,,,,,,35,,,,,,,,,,,,,,,,,,,,,,,644,,,,,,162,412,,,,,,,,,,,13,,,,,,,50,,  43 530,,,,,  1 661,,,,,,
C?te d'Ivoire,,,,,,5,,,1,,,34,118,,,,,,,330,,  7 735,,,4,,,,,,,1,  243 776,,9,,,  1 670,,,,,12,,,,,,,,2,,,,,,3,,,70,,,,,208,,,,,,,,,14,  40 942,,,  1 048,,,737,  4 902,,117,,,,,,  2 472,,,,,,0,0,,,,,26,,,  1 324,,,,,,,,,,1,,,  2 182,594,,,,,,,,  48 556,,,,175,,,139,,,,,,,,,45,,,177,,,,  4 425,,,,71,,,,,,,,,,27,,,,,,,113,,,,,,,,,,,  2 322,,,74,,,,,,,  1 115,,152,,,,,,247,975,,,0,,,  1 590,,,,550,,,,,,,,388,,  1 388,,,,,,,,,,,
Croatia,,,,,,,,,  2 171,,,  48 565,  43 774,,,,,,,361,,,,,0,,  21 218,,,,,15,,,,,,862,,,,,211,,,,52,,,,21,,,,,21,417,,,504,,,,27,124,,,,,,1,,,0,  10 463,,,,,,  150 313,,,466,,,,,,,,,,,,365,6,,,,,97,,,  6 648,,,19,,,,,,,4,,,,,111,,400,,,,,,18,,,,,,64,,,,,,,,,,,,38,,673,,,,,,7,,,,36,,,65,,  1 142,27,,,,,,,365,,,,,,,,,,,,  35 548,,,,,95,  49 504,,,479,,218,,,,,,  4 108,  21 387,,,,  1 437,,,,,,,53,,,,,,,  1 897,,  22 927,,,,,363,,,,,,
Cuba,,,,,,,,12,  1 427,,,361,485,,48,,,0,22,144,,,11,,105,621,,,442,,,50,,,69,,,  1 737,234,,,,518,,,,  1 296,,164,,  4 504,,,,,9,123,,,34,,5,  6 824,998,,84,,,,,,,,22,  2 031,,,,,,  2 734,,,194,,,,,275,61,,,  1 203,,464,252,7,,,,,16,,,  1 444,  1 746,,,,,,,,,21,,,,,,,23,,,,,,,,,,,,  2 660,,,,,,,,,  1 005,,,313,,,896,,,,,44,,,,  3 267,,,646,,261,116,  19 579,,,,,1,  2 689,,,,10,,,,,,,,3,20,,,0,23,2,,,317,,  21 854,,,,,,  1 170,  1 035,,,,,85,,,,40,,10,,,,,,,150,,  736 971,,,,,  11 559,,,,,,
Cura?ao,,,,,,,,10,,,438,35,,,,,,,,,,,,,110,  2 367,,,,,,,,,,,,,4,,,,,,,,83,,,,,,,,,,,,,,,,,,,,,,,,,,,,,,,,,,,,,,,,,,,,,,,,,,,,,,,,,,,,,,,,,,,,,,,,,,,,,,,,,,,,,,,,,,,,,,,,,,,  38 636,,,,,,,,,,,,61,,,,,,,,,,,,,,,,,,,134,,,,,,,,,,0,,,,,,,,,,,,,,,,,,,,,,,,,,,,,,,,,,,,,,,,,,,,,
Cyprus,,,,,,,,,103,,,  24 036,178,,,,,,,63,,,,,9,,,,,,,103,,,,,,  4 111,,5,,,8,,,,,,,,2,,,,,,13,,,111,,,,,98,,,,,,,,,42,  1 073,,,,,,328,,,  45 588,,,,,,,,,,,,387,1,,,,,20,,,42,,,13,,,,,,,2,,,,,,3,3,,,,,,21,,,,,,,,,,,,,,,,,,124,,,,,,,,70,,,,,,,,,62,5,,,,,,18,479,,,,,,,,,,,,21,,,,,4,,,,944,,149,2,,,,,355,204,,,,,,,,,,,  9 195,,,,,,,  76 295,,  10 060,,,,,14,,,,,,
Czech Republic,,,,,,,,,  3 946,,,  17 760,  30 293,,,,,,83,283,,,,,129,,,,  1 535,,,162,,,,,,  15 799,,,,,0,,,,122,,,,,,0,406,,168,,,,189,,,12,105,250,,,,,,,,,260,  11 542,,,,,,  27 873,,,  2 296,,,,,,,,,,,,68,43,,,,,265,,,937,,,18,,,,,,,48,,,,,9,66,76,,,,,,10,,,,,,348,,,7,,,,,,112,,,  3 382,,195,,,,,,148,,,,16,,,64,,  8 798,37,,,,519,,829,  13 710,,,,,,,,,,,,63,,,,,  26 268,396,,,953,,685,,,,,,252,  9 776,,,,54,,,,,,,274,,,,,,,  8 523,,  87 020,,,,,332,,,,,,
Democratic People's Republic of Korea,,,,,,,,,31,,,50,  1 550,,,,,,97,391,,,,,122,,,,,,,1,,,,20,,106,,,,,371,,,,99,,,,21,,,,,8,21,,,163,,,,162,117,,,,,,,,,3,99,,,50,,438,  1 277,,,541,,,,,,,,,,,48,,,,,,,25,,,1,,,40,  19 805,,,,800,,204,,,,,,,,,,,,,,,,,,,336,,,51,,,,,,149,,,2,,,,,,,,26,,,,,,,61,  1 321,,1,,,,,,,  9 699,,,,,,,,,,,,,,7,,,,,,,137,,17,,,,,,44,106,,238,0,,,,,,,,7,,,,52,,,0,,,,,,,41,56,,,,,
Democratic Republic of the Congo,,,,,,  12 178,,,,,,255,386,,,,,,,  10 944,,,,,5,,,526,,,,3,,  36 654,,,,  1 588,,  13 173,98,,13,,,,,,  67 316,,2,,,,,170,8,,,70,,,,,99,,,407,,48,,,,10,  32 512,,,  2 750,,,  4 459,16,,657,,,,,,,,,,,,11,1,,,,,10,,,205,,,,,394,,,,,,,,,283,,,94,,  1 338,,,,,,,31,,,12,,,,,,,186,,  4 707,,,  2 252,,,21,,,,,32,,,,,,,,1,,472,,,,,,,,  62 526,,,,,,,,,,,,,,,,,,,,  7 456,0,621,,,  15 855,,6,784,805,,,0,,,277,,,,,7,,,,  67 995,,,  1 195,  19 354,  3 387,,,,,,,,,,  27 297,
Denmark,,,,,84,,,,540,,,  9 739,782,,8,,,,130,  2 320,,,23,18,21,,,102,525,,,10,,,,,,  20 678,6,1,,,170,,,,77,,,,48,,44,,,42,32,,,,,,70,61,279,,,,25,,  3 173,,,559,  6 772,,,,,,  16 667,,,  1 836,  8 663,,,,,,,,,,,42,  2 048,,,,,394,,  1 040,  4 729,,450,49,,,,,,,35,,,,796,16,100,  1 263,,,,,,12,,,,,,255,,,,,,,,,168,,,  2 095,,781,55,,,,,  21 160,,,,19,,,173,182,998,276,,,,,,51,  2 445,,,,,,,,,,,,11,,,,,6,14,,,977,,  3 729,,,,,,  30 009,  3 655,,199,429,,,,,,,,814,,,,176,,,  13 911,,  34 999,,,,,128,,,,,,
Djibouti,,,,,,,,,,,,34,4,,,,,,,49,,,,,,,,,,,,1,,,,,,111,,,,,0,,,,,,,,,,,,,1,1,,,14,,,,,243,,,,,904,,,,0,  3 050,,,,,,,,,3,,,,,,,,,,,,,0,,,,,0,,,2,,,,,,,,,,,,,,694,,,,,,,,,,,,,,,,,,,,,,,,,,,48,,,,,,,,6,,,,,,,,,,,,,,,,,,,,,,,,,,,,,,,,,,,,,,,,1,,,,,,44,38,,,,,,,,,,,,,,,,,,33,,,,,,,,,,,,,
Dominica,,,,,,,,  2 442,9,,143,6,28,,35,,,451,,26,,,,,6,  1 820,,,,619,,0,,,,,,  1 449,,,,,8,,,,46,,,,3,,,,,0,0,,,4,,,24,,,,,,,,,,,0,744,443,,,,,,,,410,,42,  5 560,,,,,13,,,,,0,,,,,0,,,0,107,,,,,,,,,,,,,,,,112,,,,,,,,184,,,,,,,,,412,,,,,,,33,,,,,,,,,,,,12,,,,,,,  2 567,,,,,,,,,87,96,,75,,,,,,,,,,0,,,,,,,359,,,,,,36,66,,,,,,,,,,,,,,,,,,941,,  19 529,  3 219,,,,200,,,,,,
Dominican Republic,,,,,,,308,621,265,,  2 042,23,  1 722,,44,,,,,592,,,9,,44,  8 195,,,277,748,,5,,,,,,  2 668,21,,,,124,,,,361,,,,553,,,267,,3,1,,,35,,,,118,,38,,,,,,,,10,454,,,,,,  1 012,,,218,,,  3 440,,59,,,,  2 406,,103,0,2,,,,,2,,,  9 060,,,,,,,,,,0,,,,,0,,35,,,,,,,,16,,,,522,,,,,37,,,,,,,  2 403,,,65,,,,,53,,,,  1 474,,,128,,4,10,  37 207,,,,,0,,,,,20,,,,,,,,,,,,0,,3,,,,,  15 160,,,,,,192,  4 751,,,,,,,,,,,,,349,,,,,72,,  347 858,533,,,,  18 280,,,,,,
Ecuador,,,,,,,,,999,,,  1 085,364,,10,,,,,959,,,,,299,,,,614,,,1,,,,,,  7 685,,,,,  2 163,,,,  11 870,,,,736,,,135,,2,10,,,159,,,950,,9,155,,,,,,,,24,  1 585,,,,,,  1 252,,,51,,,,,120,,,,,,348,22,7,,,,,8,,,997,,,,,,,,,,0,,,,,,,,,,,,,,,,,,,719,,,,,,,,,,,,439,,,98,,,,,177,,,,  1 414,,,  2 855,105,43,65,573,,,,,,336,,,,,,,,,,,,,,,,,1,,,,,,  3 734,,,,,,746,  1 470,,,,,,,,,,,,,,,,,,423,,  143 314,,,,,  24 600,,,,,,
Egypt,,,,,,,,12,522,,,  40 628,  8 202,,9,  21 908,,,,630,,,,,39,,,,  4 192,,,30,,,,,,  26 881,,67,,,84,,,,179,,,,19,,0,,,  1 290,39,,,869,,,,28,,,,,,,,,,209,  22 453,,,,,,  10 932,21,,  12 485,,,,,22,,,,,,,251,8,,,,  11 075,102,,  21 780,  40 045,,368,  171 413,,,,  135 880,,,5,  78 308,,,  8 384,,3,25,,,,15,,255,,,202,,,197,,,,,,  1 271,,,257,,,  4 725,,234,,,,,,290,  18 811,,,21,,,13,33,289,30,69,250,,,,7,  1 499,,,,,,,,,,  357 540,,9,,,,,9,14,,,837,0,  1 040,1,  17 920,  21 455,,,  1 638,  3 959,,,0,  1 969,,,,,,607,  2 318,,,,,,  165 980,  22 368,,  66 313,,,,,472,,,,  8 579,235,
El Salvador,,,,,,,,,182,,,  8 774,38,,5,,,,,68,  6 691,,,,57,,,,405,,,1,,,,,,  27 145,,,,,226,,,,297,,,,  56 257,,,,,3,3,,,25,,,366,174,160,,,,,,,,,4,999,,,,,,524,,,18,,,,,  236 655,,,,,,  114 810,12,0,,,,,5,,,724,130,,,,,,,,,,,,,458,,,,,,,,,,,,,,,  301 106,,,,,,,,,,,,134,,,  12 443,,,,,54,,,,  2 396,,,76,,,6,519,,,,,,,,,,,,,,,,,,,,,,,,,,,,,  1 195,,,,,,  1 832,369,,,,,,,,,,,,,,,,,,81,,  465 433,,,,,  1 017,,,,,,
Equatorial Guinea,,,,,,,,,,,,,6,,,,,,,989,,,,,,,,,,,,,,,,,,10,,,,,3,,,,,,485,,,,,,,,1,,,,,,,,,,,,,,,,,0,144,,,  26 839,,,,,,2,,,,,,,,,,,,,1,,,,,0,,,6,,,,,,,,,,,,,,,,,,,,,,,,,,,,,,,,,,,,,,,,,9,,,,,,,,,,,,,,,,,,16,,,,,,,29,,,,,,,,,305,,,,,,,,,,,,,,  6 040,,,,,,8,23,,,,,,50,,,,,,,,,,,,6,,,,,,,,,,,,,
Eritrea,,,,,,,,,,,,  1 272,57,,,508,,,,15,,,,,0,,,,,,,1,,,,,,  4 630,,,,,0,,,,,,,,,,,,,1,1,,,73,,,,,358,,,,,  69 681,,,,0,160,,,,,,  2 815,,,137,,,,,,,,,,,,0,0,,,,359,7,,,779,,,139,,0,,  3 148,,,0,,,,  1 023,,,,,,,,,10,,,,,,,,,,,,,,,,,,155,,,,,,,,19,,,,,,,,,3,,,639,,,,,,,,,,,,,,,,,,,,,,,,,0,521,0,6,,,  64 790,,,  2 399,995,,,,,,,,,,,,,,,0,,  3 846,914,,  11 131,,,,,25,,,,0,,
Estonia,,,,,,,,,109,,,  2 731,206,662,0,,,,  3 429,79,,,,,0,,,,,,,4,,,,,,  6 170,,,,,26,,,,19,,,,2,,0,,,7,15,,,7,,,,,14,,,,,,,,,0,828,,,,,846,  1 467,,,146,,,,,,,,,,,,39,0,,,,,190,,,31,,,,358,,,,  1 544,,  1 675,,,,,13,  1 514,18,,,,,,,,,,,,,,,,,,,,,,,,83,,,,,,,,23,,,,,,,11,,402,66,,,,,,,  62 441,,,,,,,,,,,,,,,,,3,0,,,68,,18,,,,,,  8 056,195,,,,,,,,,,,27,,,,,  10 585,,545,,  9 210,,,,,46,,,,,,
Ethiopia,,,,,,,,1,71,,,  1 336,703,,,357,,,11,989,,,,,4,,,,,,,26,,,,,,  13 765,,,,,14,,,,,,,,2,,,,,20,19,,,559,  13 405,,,,567,,,  1 284,,,,,,203,  3 850,,,,,,  19 612,16,,  3 422,,,,,,,,,,,,31,13,,,,,29,,  40 595,  16 703,,,21,,  26 695,,  2 216,,,,,,,  1 618,,,,,,,,,25,,,,,,,,,,,,,,,312,,,  3 852,,153,36,,,,,  1 681,,,,,,,,,68,3,,908,,,,,438,,,,2,,,,,,  61 017,,,,,,,5,,,  460 000,  2 873,0,118,,,  942 295,,0,  9 356,  1 595,,,0,,,,,,,,23,,,,168,,  2 708,  1 086,,  34 805,,,,,29,,,,  15 804,,
Faeroe Islands,,,,,,,,,,,,17,,,,,,,,,,,,,,,,,,,,,,,,,,,,,,,2,,,,,,,,,,,,,,,,,  6 430,,,,,,,,,,,,,,,4,,,,,,,,,3,265,,,,,,,,,,,,237,,,,,1,,,,,,,,,,,,,,,,,,,,,,,,,,,,,,,,,,,,,,,,,,,,,,,,,,,,527,,,,,,,,,,,,,,,,,,,,,,,,,,,,,,,,,,,,,,,,,,,,,,,,,,,,,,,,,,,,,,,,,38,,,,,,,,,,,,,
Falkland Islands (Malvinas),,,,,,,,,,,,78,,,,,,,,,,,,,,,,,,,,,,,,,,24,,,,,5,,,,,,,,,,,,,,,,,,,,,18,,,,,,,,,,,,,,,,,,,,,,,,,,,,,,,,,,,,,,1,,,,,,,,,,,,,,,,,,,,,,,,,,,,,,,,,,,,,,,,,,,,,,,,,,,,,,,,,,,,,,,,,,,,,,,,,,,,,,,,,,,,,,,,,,,,,,,,,,,,,,,,,,,,,,,,,,,,,158,,,,,,,,,,,,,
Fiji,,,,50,,,,,1,,,  37 472,10,,,,,,,5,,,,,0,,,,,,,0,,,,,,  15 352,,,,,5,,,,,,,78,1,,,,,1,2,,,13,,,,,,,,,,,,,,5,93,,27,,,,,,,11,,,,,,,,,,,,,0,  2 385,,,,3,,,3,,,,,,221,,,,,,,,,,,,,,,,,,43,,,,,,,,,,,,,,,221,,6,,  16 418,,,,24,,12,,,,,128,,,,,,,,,,,,,,,,,,,68,,,,,,,,,,,,220,,47,,3,,,,,,28,133,,,,,,,,369,,,,,,114,,,,483,,  15 935,,,,166,,,,,,,
Finland,,,,,,,,,156,,,  9 718,880,,,,,,  1 185,505,,,,,75,,,,169,,,10,,,,,,  16 148,3,,,,99,,,,56,,,,18,,0,,,123,82,,,  3 180,,,45,43,189,,,,651,,,,,,  4 412,,,,,,  11 251,,,  1 528,17,,,,,,,,,,,92,75,,,,,75,,529,462,,432,,,,,,361,,  1 199,,,,538,1,74,243,,,,,,8,,,,,,35,,,20,,,,,,116,,,  1 130,,,,,,,,  4 257,,,,7,,,50,9,272,91,,,,,,,  1 737,,,,,,,,,,,,3,,,,,4,2,,,576,,  2 803,0,,,,,  153 578,  3 408,,,,,,,,,,,404,,,,,,,  5 179,,  22 313,,,,,64,,,,,,
France,,,  2 086,,  4 135,,,32,  6 463,,,  15 533,  4 939,,38,57,,,,  90 212,,506,106,14,491,58,259,,  8 096,12,,63,,321,102,128,  11 808,  52 932,12,  10 537,886,840,  2 147,,  1 470,,  1 905,543,  8 574,,539,,831,328,,228,891,,,  2 451,,29,  2 524,686,  3 089,200,  1 154,108,42,,,,,538,,  15 361,  17 851,  4 961,,,  89 386,117,,  10 626,11,,  31 775,,294,  1 642,71,,445,,109,  1 793,135,  5 858,,,,  1 917,,  17 904,  66 902,,  3 167,295,,,,355,,,26,135,,296,  8 821,66,215,  14 367,  6 672,,,51,  2 689,97,,  29 695,,788,  1 359,  4 190,,  7 679,11,,,  15 056,,,793,,,  13 064,  19 351,881,139,,,,,  2 433,200,,,260,,491,  1 651,197,  49 150,  58 434,278,102,507,,  37 516,427,  1 474,,,,31,668,,8,32,,,  11 453,10,180,,,0,484,  1 408,,,  5 608,,  100 111,50,,,,,  4 401,  87 249,,,  1 349,,,  1 816,,,,  3 870,  10 280,,,,250,,434,  52 367,,  119 233,,865,,244,  4 664,21,327,140,,65,
French Guiana,,,,,,,,4,,,,6,,,,,,,,,,,,,0,2,,,742,,,,,,,,,48,,,,,2,,,,,,,,6,,,,,0,,,,5,,8,,,,,,,,,,,,,,,,,,,,,,2,,,732,,13,,,,,,,,,,,,,,,,,,,,,,,,,,,,,,,,,,,,,,,,,  1 101,,,,,,,,,,,,,,,,,,,,,,,,,,,,,,,24,,,,,,,,,,,,,,127,,,,,,,,,,,,,,,,,,,,,,,,,,,,,,,,,,,,,,,,,,,,,,,,,,,26,,,,,,
French Polynesia,,,,,,,,,,,,236,,,,,,,,,,,,,,,,,,,,,,,,,,53,,,,,18,,,,,,,63,,,,,,,,,,5,,,,,,,,,,,,,,0,,,,,,,,,,17,,,,,,,,,,,,,,,,,,0,,,,,,,,,,,,,,,,,,,,,,,,,,,,,,,,,,,,,,,,,,,,,  2 726,,,,,,,,,,,,,,,,,,,,,,,,,,,,,,,,,,,,,,,,,,,,,,,,,,,,,,,,,,,,,,,,,,,,,,,,13,,,,,,,,,18,,,,
Gabon,,,,,,,,,,,,20,14,,,,,,,164,,,,,4,,,,,,,3,,,11,,,38,,,292,,5,,,,,,970,,1,,,,,,0,,,5,,,,,,,65,,,,,,,0,  7 939,,,,,,123,,,18,,,,,,,,,,,,0,,,,,,1,,,14,,,,,,,,,,,,,,,,,,,,,,  4 463,,,,77,,,,,,,,,,,,,,,35,,,,,,,,,,,,,,,,,,21,,,,,,,,,,,,,,,,11,,,,,,,,,,,,306,,22,,,,,,3,136,,,,,,430,,,,,,,,,,,,17,,,,,,,,,,,,,
Gambia,,,,,,,,,,,,18,346,,,,,,,92,,,,,,,,,,,,2,,,7,,,14,,,,,0,,,,,,,,,  10 359,,,,,2,,,236,,,,11,36,,,,,,,,,22,  1 329,,,,,,  1 908,19,,59,,,,,,811,960,,,,,0,2,,,,,11,,,84,,,,,,,,,,0,,,656,,,,,,,,,595,,,,,,,,,,,,,,,,128,,,112,,,,,,,,570,,,,,,,,,,7,,,,,,,,,,,,,,,,,,  4 263,,,  5 240,,,,,,,,,  2 779,,,,,,  1 965,157,,,,,,510,,,,,,,,,,,,  1 354,,  1 485,,,,,,,,,,,
Georgia,,,,,,,,,,  1 646,,17,  1 827,  69 766,,,,,  9 868,  1 171,,,,,0,,,,,,,77,,,,,,749,,,,,16,,,,,,,,10,,,,,  3 802,88,,,72,,,,,,,,,  2 196,,,,,0,  1 337,,,,,,  1 410,,,  36 031,,,,,,,,,,,,186,2,,,,,49,,  25 921,11,,,,  3 773,,,,  10 351,,697,,,,,,  2 036,,,,,,,12,,,,,,,,,,,,,,,,,,32,,,,,,,,0,,,,0,,,,,460,40,,,,  3 550,,0,  656 888,,,,,,,,,,,,5,,,,,11,,,,,,102,,,,,,103,293,,872,,,,,,,,,  1 575,,,,,  76 612,,76,,  6 689,,,,,12,,,,,,
Germany,,,  6 544,,347,,,45,  15 674,660,,  126 452,  100 832,389,161,,,,32,  26 386,45,,228,12,  1 351,,816,332,  25 679,29,,252,,,25,18,,  173 222,43,,,,  5 379,,  1 323,,  2 679,,178,,  1 268,,  5 148,752,,646,  2 375,,,  22 533,,11,  5 084,  1 397,  9 692,464,,,461,,27,,,  2 586,  171 594,,319,27,,  8 348,,,,  26 527,34,,125,,476,849,,,896,,223,  18 409,803,  5 654,,,,  3 341,,  26 628,  96 165,,  3 607,413,  380 407,,,,  15 254,,  1 913,189,,928,  27 674,978,  1 833,  12 616,,,,251,,323,,,,57,,  4 560,,,50,,,984,,,  13 401,,,  127 898,,  5 298,374,,,,,  8 821,,,,284,,  2 108,  2 092,704,  144 229,  16 069,  2 231,,645,427,,  1 783,  144 895,,,,31,,,35,,,,721,31,40,135,,,255,  8 402,,,  33 946,,  80 772,21,,,,,  29 981,  161 440,,205,  2 551,43,,75,,,137,903,  176 820,  1 567,,,234,  1 308,,  213 058,605,  711 929,,  2 573,  19 362,,  4 895,,,,,311,
Ghana,,,,,,,,10,,,,994,  1 363,,23,,,,,  1 457,,  5 747,17,,1,,,,,,,4,  24 542,,55,,,  6 404,,,,,5,,,,,,,,1,  99 487,,,,21,10,,,391,,,,13,214,,,,,,1,,,74,  5 576,,,  1 965,,,  20 822,,,633,,,,,,  1 337,,,,,,44,10,,,,,97,,,  25 093,,598,44,,,,,,,,,122,  9 952,610,,,,,,,,  1 913,6,,,186,,,,,,,,,,,,212,,,  6 020,,,,  4 184,  75 322,,,736,,,,,,,,8,65,15,,,,,,0,286,,,,10,,,,,,,  1 476,3,,  1 307,,,1,5,,,  6 486,,436,,,,,,770,  1 464,,,,,,  12 685,,,,,34,,,,,,,  31 872,,  20 889,,,,,28,,,,,484,
Gibraltar,,,,,,,,,32,,,409,,,,,,,,,,,,,0,,,,,,,2,,,,,,201,,,,,5,,,,,,,,3,,,,,1,,,,,,,,,7,,,,,,,,,,63,,,,,,,,,12,,,,,,,,,,,,,,,,,,7,,,,,,,,,,,,,,,,,,,,,,,,,,,,,,,,,,,,,,,,,,,,11,,,,,,,,,,,,,,,,,,,,,,,,,,,,,,,,,,,,,,,,,,,,,,26,,,,,,,,,,,,,,,,,,,,,,,,,,,  11 215,,,,,,,,,,,,,
Greece,,  40 087,,,,,,,  3 197,  5 612,,  148 090,  2 205,,72,,,,164,  20 270,,,100,,15,,,,  3 523,,,  1 246,,,,,,  80 288,,,,,188,,,,146,,,,28,,0,,,  5 898,445,,,738,,,94,24,  1 306,,,,,,,,,320,  13 918,,,,,,  337 546,,,,,,,,,,,,,,,  1 601,5,,,,,104,,  1 320,  19 876,,,117,  18 571,,,,,,326,,,,  3 730,86,10,636,,,,,,11,,,,,,255,,,,,,,,,,,,  5 206,,,,,,,,475,,,,235,,,41,19,  3 964,42,,,,38,,  4 380,  1 997,,,,,,,,,,,,112,,,,,9,45,,,  3 191,,639,1,,,,,  8 526,  5 583,,,,235,,,,,,,  101 752,,,,41,,,  14 266,,  177 398,,,,,  1 092,,,,,,
Greenland,,,,,,,,,36,,,,,,,,,,,,,,,,,,,,,,,1,,,,,,14,,,,,6,,,,,,,,7,,,195,,,,,,  8 672,,,,,,,,,,,137,,,,12,,,,,,,,,8,,,,,269,,,,,,,,35,,,,,0,,,,,,,,,,,,,0,,,,,,,,,,,,,,,,,,,,,,,,,,,,,,,,,,,,,,,123,,,,,,,,,,,,,,,,,,,,,,,,,,,,,,,,,,,,,,,,,,,,,,,,,,,,,,,,,,,,,,,,,9,,,,,,,,,,,,,
Grenada,,,,,,,,115,25,,294,89,8,,28,,,565,,,,,,,1,5,,,,,,,,,,,,  4 543,5,,,,7,,,,,,,,7,,,180,,,0,,,3,,,,,,,,,,,,,,0,,,,,,,,,,2,,,,,,,,54,,,,1,,,,,,3,,,1,161,,,,,,,,,,,,,,,,,,,,,,,,,,,,,,,,,,,,,,,,14,,,,,,,,,,,,21,,,,,,,,,,,,,,,,24,67,,377,,,,,,,,,,,,,,,,,,,,,,,31,35,,,,,,,,,  16 589,,,,,,,,,  1 366,,  17 730,463,,,,436,,,,,,
Guadeloupe,,,,,,,,46,,,,9,,,,,,,,,,,,,,61,,,,,,,,,,,,125,,,,,2,,,,,,,,,,,,,,,,,8,,14,97,,,,,,,,,,,,,  2 089,,,,,,,,20,,,,,,,,,,,,,,,,,,,,,,,,,,,,,,,,,,,,,,,,,,,,,,  3 327,,,,,,,,,,,,,,,,,,,,,,,,,,,,,,,,,,,,,,,,,,,,,19,,,,,,,,,,,,0,,,,,,,,,,,,,,,,,,,,,,,,,11,,,,,,,,,,,,,,,,,,,,
Guam,,,,,,,,,,,,40,1,,,,,,,,,,,,,,,,,,,,,,,,,24,,,,,1,,,,,,,,5,,,,,,,,,,,,,,,,,,,,,,,,,,,,,,,,,2,,,,,,,,,,,,,,,,,,,,,,,,,,,,,,,,,,,,,,,,,,,,,,,,,,,55,,,,,,,,,,,,,,,,,,  1 062,,,,152,,,,,58,,,,,,,,,,,,,,,,,,,,,,,,,,,,,,,,,,,,,,,,,,,,,,,,,,0,,,,,,,,,,,,,,,,,,,,
Guatemala,,,,,,,,,116,,,217,206,,7,,,,,  1 008,  12 650,,,,146,,,,53,,,1,,,,,,  8 559,,,,,143,,,,264,,,,  1 977,,,153,,0,2,,,22,,,475,144,7,  8 235,,,,,,,,16,  1 614,,,,,,583,,,41,,,,,,,,,,,  3 250,6,14,,,,,24,,,108,295,,,,,,,,,0,,,,,,,,,,,,,,,,,,,  72 343,,,,,,,,,,,,165,,,  1 134,,,,,208,,,,376,,,115,9,,7,487,,,,,,,,,,2,,,,,,,,,,,,,,,,,90,,975,,,,,,517,472,,,,,,,,,,,,,,,,,,69,,  225 739,,,,,579,,,,,,
Guinea,,,,,,131,,,1,,,33,166,,,,,,,627,,,,,4,,,,,,,4,,,60,,,225,,,,,0,,,,,,,,,  133 914,,,,0,6,,,21,,,,,182,,,,,,,,,6,  7 816,,,  1 537,  24 859,,697,74,,11,,,,,,,  3 170,,,,,15,3,,,,,10,,,103,,,,,,,,,,,,,  32 485,,,,,,,,,  19 164,,,,  2 748,,,,,,,,,673,,,79,,,392,,,,,,,,29,,,,,,,,,17,86,,,,,,1,429,,,,,,,,,,,  42 570,,,  74 269,,,,,,,78,,  2 316,,,,,,88,375,,,,,,  1 553,,,,,,,,,,,,36,,  1 032,,,,,,,,495,,,
Guinea-Bissau,,,,,,,,,,,,13,38,,,,,,,35,,,,,,,,,,,,1,,,539,,,24,,,,,3,,,,,,,,,308,,,,,2,,,9,,,,,70,,,,,,,,,0,  8 060,,,,  7 591,,,,,3,,,,,,  2 798,,,,,,5,,,,,,0,,,35,,,,,,,,,,,,,  2 263,200,,,,,,,,,,,,  1 067,,,,,,,,,,,,,,,74,,,,,,,,9,,,,,,,,,,  6 588,,,,,,,342,,,,,,,,,,,  23 825,,,24,,,,,,,30,,539,,,,,,61,126,,,,,,62,,,,,,,,,,,,53,,,,,,,,,,523,,,
Guyana,,,,,,,181,  1 660,,,107,426,10,,419,,,  2 557,,20,,,51,,1,389,,,  1 093,841,,1,,,,,,  63 381,61,,,,7,,,,17,,,,20,,,,,,1,,,73,,69,45,,,,,,,,,,,8,30,  2 242,,,,,,,,14,,324,56,,,,,,,,,5,7,,,,,6,,,9,,,,,,,,,,,,,,,,,,,,,,,,,,,,,,,,,,359,,,,,,,  1 803,,,,,,,,67,,,,46,,,,,18,,99,,,,,,,,,335,821,,209,,,,,,,,,,0,,,,,54,,8,,,,  5 114,,83,96,,,,,,,,,  5 140,,,,,,,,,  19 978,,  120 698,,,,,  4 601,,,,,,
Haiti,,,,,,,,11,75,,320,43,35,,  10 894,,,0,,242,35,,  1 028,,6,  4 062,,,254,,,1,,,,,,  38 271,6,,,,36,,,,100,,,,48,,,  2 063,,1,5,,,50,,561,  187 210,32,,,,,,,,,,0,  26 253,  9 605,,,,,292,,,143,,,  12 028,,26,,,,,,34,,1,,,,,1,,,38,,,,,,,,,,,,,,,,,,,,,,,,,  1 109,,,,475,,,,,,,,,,,,271,,,25,,,,,6,,,,122,,,34,,,,295,,,,,,,,,,,,,,,,,,,,,,0,,,,,,,38,0,,,,,84,993,,,,,,,,,,,,,  2 430,,,,,21,,  225 393,188,,,,  2 013,,,,,,
Holy See,,,,,,,,,,,,,,,,,,,,,,,,,,,,,,,,,,,,,,,,,,,21,,,,,,,,,,,,,,,,,,,,,,,,,,,,,,,1,,,,,,,,,,2,,,,,,,,,,,,,,,,,,,,,8,,,,,,,,,,,,,,,,,,,,,,,,,,,,,,,,,,,,,,,,,,,,,,,,,,,,,,,,,,,,,,,,,,,,,,,,,,,,,,,,,,,,,,,,,,,,,,,,,,,,,,,,,,,,,,,,,,,,,,,,,,,,,,,
Honduras,,,,,,,,3,141,,,124,54,,7,,,,,33,  2 764,,,,232,,,,280,,,0,,,,,,  2 202,753,,,,215,,,,265,,,,  2 608,,,,,1,1,,,34,,,433,157,,  15 774,,,,,,,,5,482,,,,,,438,,,62,,,,,  4 768,,,,,,,2,7,,,,,2,,,78,157,,,,,,,,,,,,,,,,,,,,,,,,,,,,  1 990,,,,,,,,,,,,125,,,  10 105,,,,,57,,,,638,,,118,,,,435,,,,,,,,,,,,,,,,,,,,,,,,,,,,,  1 169,,,,,,165,250,,,,,,,,,,,,,,,,,,59,,  108 923,,,,,437,,,,,,
Hungary,,,,,,,,,  3 297,,,  29 103,  14 405,,,,,,291,729,,,,,50,,233,,  5 282,,,70,,,,,,  54 702,,,,,498,,,,162,,,,66,,  1 666,155,,86,  1 526,,,  1 210,,,51,72,123,,,,36,,,,,554,  13 404,,,,,,  50 833,,,905,,,,,,,,,,,,,35,,,,,167,,  15 656,698,,,35,,,,,,,293,16,,,350,6,132,58,,,,,,5,,,,,,290,,,0,,,,,,,,,  4 740,,291,,,,,,  1 356,,,,79,,,45,3,  1 907,63,,,,694,,  9 320,  18 236,,,,,,,,,,,,221,,,,,  6 010,385,,,,,587,,,,,,  11 100,  11 002,,,,82,,,,,,,126,,,,,,,  12 192,,  110 337,,,,,908,,,,,,
Iceland,,,,,,,,,18,,,342,104,,,,,,,128,,,,,2,,,,,,,1,,,,,,532,,,,,24,,,,,,,,2,,,,,8,5,,,  2 986,,,,,,,,,,,267,,,79,396,,,,,,  1 239,,,39,22,,,,,,,,,,,8,,,,,,7,,,55,,,,,,,,,,4,,,,,1,7,259,,,,,,,,,,,,,,,,,,,,,,,,188,,,,,,,,  2 221,,,,,,,10,0,58,9,,,,,,,54,,,,,,,,,,,,,,,,,0,,,,16,,138,,,,,,  2 773,133,,,,,,,,,,,10,,,,,,,419,,  5 071,,,,,,,,,,,
India,,,,,,,,32,215,,39,  69 928,  7 478,,160,  60 505,  13 339,441,24,  2 419,247,,156,  20 841,125,12,,  1 967,697,20,  2 595,163,,,,44,,  166 640,45,,,,274,  4 496,  12 064,,101,,,,35,,0,,,684,60,178,,  2 604,,10,287,76,801,18,,39,25,,14,,  1 443,549,  25 817,,35,,,,  31 877,454,,  5 351,,,80,,,,,,,,,978,62,,  7 818,,179,750,,  16 927,  3 413,711,  3 108,871,,,,  375 183,,,35,398,308,774,  2 288,0,,187,  1 171,  1 362,  20 808,951,,130,,,,515,,128,,,24,,,,  1 143,  41 093,997,,  369 370,  7 540,,  9 292,12,,,,,  4 422,  152 554, 2 916 548,,  1 474,239,,147,  2 611,436,  1 939,96,  2 738,136,,,0,  9 801,,,,49,,,,,,  906 468,,36,  1 276,405,  14 109,0,7,11,,,  8 356,0,  4 147,  39 329,,  2 259,,,  8 730,  7 360,,935,  3 389,,,,,140,768,,126,,,,  1 359,  4 609,  458 294,  399 526,  4 968,  450 406,,,,,229,116,,,,  4 284,
Indonesia,,,  1 000,,,,,,47,,,  39 102,669,,8,  6 151,  70 627,,,639,,,,,12,59,,,,,  3 324,1,,,,49,,  7 298,,,,,51,  21 305,  90 186,,77,,,,13,,0,,,43,22,845,,422,,,,22,  1 481,,,,,,1,,,36,  3 852,,15,,,,  8 819,,,195,,,,,27,,,,,,,191,59,  1 786,,,,24,,,166,,  3 624,183,,,,  38 147,,,2,84,,,  4 228,,,,,,  252 710,,,11,,,,,,69,,,,,,,,,133,,,  186 717,819,  2 024,,,,,,427,  4 605,599,,49,  7 118,,29,  3 752,62,28,,  108 178,65,,,,377,,,,,,,,,,  635 007,,3,2,,  21 520,0,0,2,85,,  1 191,,595,3,,,,,  1 276,  2 137,,,545,,  4 485,,,,,,43,,,,,,  46 598,938,,  48 387,,,,,52,793,,,,,
Iran (Islamic Republic of),,,,,,,,,302,  9 654,,  17 599,  8 535,  2 088,,,,,25,  1 645,,,,,21,,,,,,,98,,,,,,  29 467,3,,,,82,,,,61,,,,81,,0,,,299,47,,,  8 022,,,70,64,134,20,,,,,,,,558,  23 359,,,,,,  95 723,,,  2 645,,,,,12,61,,,,,,  1 800,14,  3 051,,,  14 976,85,,  47 785,  19 096,,  1 237,119,,,,,,,15,,,,383,,24,224,,,,,,9,,,,,,58,,,,,,,,,45,0,,  5 187,,394,,,,,,  5 198,,  4 108,,31,,,40,212,197,52,,,,,,853,  3 096,,,,,,,,,,,,7,,,,,11,8,,,680,,  1 771,1,,,,,  40 154,  4 686,,  1 813,0,,,,,,,,  23 816,  2 699,,,,  2 580,,  31 563,,  210 941,,,,,201,,,,0,,
Iraq,,,918,,,,,,81,,,  5 202,  3 043,,,,,,,45,,,,,2,,,,,,,171,,,,,,  6 875,,,,,22,,,,56,,,,10,,0,,,78,65,,,  2 418,,,6,12,  1 359,,,,,,,,,206,  4 614,,,,,,  6 844,,,  6 631,,,,,,,,,,,,732,2,  1 189,, 1 153 969,,87,,  74 502,176,,,  25 773,,,,,,,3,  11 774,,,  3 879,,,,,,32,,,32,,,77,,,23,,,,,,  1 171,,,,,,  1 151,,967,,,,,,738,118,894,,,,,12,18,562,16,,,,,,299,  1 424,,,,,,,,,,  42 857,,21,,,,,10,12,,,142,,638,0,,,,,  38 795,  3 291,  3 825,97,0,,,,,,,0,  33 620,,,,,,,  15 166,,  44 916,,,,,68,,,,  4 943,,
Ireland,,,,,,,,,143,,,  51 999,544,,55,,,,16,  1 972,,,87,,22,,,185,109,,,4,,,,,,  27 255,80,1,,  1 660,91,,466,,94,,,,24,,0,,,193,16,,,895,,,51,67,111,24,,,,,,,,88,  6 702,,,,,,  12 186,,,  1 042,,,,,,,,,,,,26,81,,,,,,  1 628,,  4 114,,671,75,,,,,,,14,,,,,1,18,412,,,,,,47,,,,30,,186,,,2,,,,,,89,,,  3 733,,  7 053,15,,,,,446,,,,9,67,,150,33,101,199,,,,,,96,194,,,,,,,,,,,,6,,,,,1,2,,,  5 788,,  2 044,,,,,,870,  1 367,,,,,,,,,,,130,,,,,,,  611 877,,  169 827,,,,,55,,,,,,
Isle of Man,,,,,,,,,,,,731,,,,,,,,,,,,,0,,,,,,,,,,,,,,,,,,,,,,,,,,,,,,,,,,,,,,,,,,,,,,,,,,12,,,,,,,,,18,,,,,,,,,,,,,,,,,,,,,,,,,,,,,,,,,,,,,,,,,,,,,,,,,,,,,,,,,,,,,,,,,,,,,,,,,,,,,,,,,,,,,,,,,,,,,,,,,,,,,,,,,,,,,,,,,,,,,,,,,,,,,,,,,,,,,,,  9 974,,,,,,,,,,,,,
Israel,,,,,,,,,  1 466,,,  7 756,  1 412,,,,,,192,  1 692,,,15,,79,,,,  2 137,,,58,,,,,,  16 092,4,,,,  1 367,,,,605,,,,123,,0,,,95,35,,,  1 048,,,185,174,995,177,,,,,,,,350,  5 866,,,5,,,  9 659,24,,  1 413,,,,,58,,,,,,68,425,20,,,,,42,,,  7 287,,,6,,,,,,,21,3,,,,,30,40,,,,,,8,,,,,,  1 195,,,,,,,,,161,,,  2 958,,,,,,,,422,,,,414,,,362,59,542,28,87,,,20,,262,  2 842,,,,,,,,,,,,13,,,,,15,3,,,  2 441,,656,0,  98 290,,,,  1 192,  1 754,,,,,,,,,,,658,,,,,  4 532,,  11 935,,  86 048,,,,,  1 035,,,,,,
Italy,,  11 287,  3 143,,109,,,49,  336 040,,,  271 095,  18 566,,78,,,,10,  242 108,,,81,6,883,24,165,161,  70 081,,,113,,,201,7,,  337 392,29,7,,,  4 422,,430,,  2 660,,,,  1 408,,  2 065,492,,120,255,,,  2 203,,,  6 960,  1 252,  4 657,391,,,,,,,,504,  521 793,108,132,,,,  486 516,123,,  12 933,,,143,,325,102,,,  1 227,,198,389,38,,,,,  1 296,,  4 617,,,940,518,,,,,,,16,,,252,  13 295,806,40,  12 479,,,,310,,665,,37,50,38,,  3 503,,  3 886,3,,,  1 296,,,  1 219,,,  14 055,231,425,187,,,,,  1 090,,,,454,,699,  2 393,207,  6 091,985,483,,,116,,461,  1 020,,,,7,,,,  2 986,,,,51,22,,,,41,  4 654,,,  10 652,,  12 204,3,,,,,  4 979,  208 147,,,662,39,,,,,,  1 622,  1 958,,,,404,,,  88 822,360,  580 592,,  15 780,,,  64 792,,,,,,
Jamaica,,,,,,,220,386,27,,162,662,115,,  2 792,,,622,,90,445,,316,,5,450,,,24,272,,1,,,,,,  98 288,  3 751,,,,14,,,,96,,,,356,,,656,,4,1,,,74,,47,421,13,,16,,,,,,,,21,463,,,,,,701,,,72,,65,,,,,,83,,,20,4,5,,,,,23,,,38,,,,,,,,,,0,,,,,,,,,,,,,,,,,,,116,,,,,,,,,,,,392,,,39,,,,,44,,,,942,,,,,,7,84,,,,,,,,,62,78,,111,,,,,,,,,,0,,,,,192,,20,,,,,,153,430,,,,,,,,,811,,,,,,,,,  138 898,,  334 140,260,,,,220,,,,,,
Japan,,,,,,,,2,  5 812,,,  21 752,  1 636,,5,,  9 042,,,  2 808,,,109,59,  1 401,76,,,  86 768,,83,26,,,2,58,,  11 783,7,,,,645,  4 547,  9 505,,515,,,,207,,0,,,21,48,180,,935,,,  1 256,245,  1 455,40,,,,,,,,372,  18 064,,21,10,,,  24 560,30,,  1 185,,,,  2 455,84,27,,,221,,106,271,17,903,  12 535,,,102,,,  13 179,,,143,,,,,,,4,,,,  4 156,,14,336,,,  5 255,65,,15,,,,23,,  3 096,66,,122,,,,,,168,,,  4 076,,  2 145,54,,,,715,826,,,69,169,263,  2 648,  2 398,  2 891,326,81,163,,  4 447,,,,655,,,,11,,,26,,,,,4,,7,,,6,8,101,,  1 070,,  1 640,9,,,,,  1 793,  3 892,,,  10 091,,,,,50,,,972,,,,71,,,  27 561,,  290 128,,,,,763,124,,,,146,
Jordan,,,  2 286,,,,,,160,,,  2 175,412,,,  3 442,,,13,203,,,,,20,,,,,,,83,,,,,,  2 025,,,,,139,,,,237,,,,8,,0,,,110,25,,,579,,,,24,  3 386,,,,,,,,,58,940,,,,,,  12 527,,,  2 473,,,,,,,,,,,31,350,0,,  4 851,,  7 970,22,,,  5 005,,,,,,,  21 348,,,3,  1 380,,,  9 668,,,,,,,,,12,,,,,,35,,,,,,,,,,,,389,,,13,,,,,48,  4 527,,,43,,,27,182,223,3,175,  10 999,,,,261,  1 555,,,,,,,,,,  90 278,,12,,,,,9,8,,,54,,910,3,  55 317,,,,839,279,,,,,,,,,,,217,,,,,  4 486,  26 078,  2 469,,  31 871,,,,,462,,,,,,
Kazakhstan,,,,,,,,,,787,,297,608,  4 940,,,,,  81 148,45,,,,,0,,,,,,,89,,,,,,  3 661,,,,,5,,,,,,,,5,,0,,,59,454,,,38,,,3,,142,,,,  7 616,,,,,0,436,,,,,  21 017,  10 199,,,  3 531,,,,,,,,,,,,469,0,  1 408,,,,50,,  6 279,50,,,3,,,,,  38 405,,528,,,,403,,  13 109,,,,,,,,,,,,,,,,528,,,,,,,,,4,,,,,,,,0,,,,,,,,,  4 778,27,,,97,  20 541,,0, 2 349 697,,,,,,,,,,,,11,,,,,21,4,,,,,8,,,,,,135,224,,  1 101,,,,,,,,,  1 209,  31 036,,,,  330 947,,121,,  5 816,,,  30 344,,,,,,,,
Kenya,,,,,,,,,6,,,  4 680,542,,6,,,,,242,,,,,2,,,122,,,,2,,186,,,,  15 914,11,,,,8,,,,,87,,,4,,,,,21,11,,,609,,,,,131,,,187,,,2,,,98,947,,,,,,  1 361,8,,480,,,,,,,,,,,,18,10,  8 170,,,,93,,,134,,,,,,,,,,0,,,,375,,,,,,,,,18,,,,,,69,,,,,,,,,  1 641,,,999,,270,,,,,,489,,,,,,,,4,75,43,,,,,,,394,955,,,,,,,,,,,,25,,,,1,5,,,  2 140,0,230,,,  6 118,,,995,  1 576,,,,,,,,,,,42,,,,  33 424,,,  109 722,  33 613,  14 371,,,,,,,,,,433,
Kiribati,,,,,,,,,,,,428,,,,,,,,,,,,,,,,,,,,1,,,,,,0,,,,,,,,,,,,,,,,,,,1,,,3,,,,,,,,,,,,,710,0,1,,,,,,,,,,,,,,,,,,,,,,,,,,,0,,,21,,,,,,,,,,,,,,,,,,,,,,,,94,,,,,,,,,,,,,,,  1 184,,,,510,,,,,,,,,,,,,,,,,,,,,,,,,,,,,,22,,,,,,,,,,,,991,,,,,,,,,,,,,,,,,,,,,,,,,63,,,,24,,,,,,,,,,,,,
Kuwait,,,  1 420,,,,,,,,,919,140,,,  1 728,,,,7,,,,,2,,,,,,,9,,,,,,  2 442,,,,,5,,,,23,,,,,,,,,58,14,,,96,,,,,  2 103,,,,,,,,,17,680,,,,,,,,,29,,,,,,,,,,,,154,0,  16 860,,,309,39,,,49,,,233,,,,,,,1,106,,,  6 005,,,,,,,,,8,,,29,,,,,,,,,,,,,,,647,,,,,,,,24,64,,,,,,,47,194,,,  6 155,,,,,248,,,,,,,,,,,,8,,,,,10,,,,90,,41,20,  16 702,,,,635,176,,,,,,,,,,,69,,,,,,  13 095,820,,  8 889,,,,,63,,,,,,
Kyrgyzstan,,,,,,,,,,,,101,357,  3 487,,,,,  6 071,45,,,,,0,,,,,,,10,,,,,,580,,,,,4,,,,,,,,,,,,,6,37,,,2,,,,,48,,,,  1 120,,,,,0,103,,,,,  3 360,199,,,74,,,,,,,,,,,,116,0,,,,,6,,  1 078,3,,,,  5 606,,,,,,593,,,,,,  1 006,,,,,,,,,,,,,,,,,,,,,,,,,0,,,,,,,,0,,,,,,,,,106,,,,0,,,,  433 625,,,,,,,,,,,,,,,,,3,,,,0,,17,,,,,,36,39,,  20 042,,,,,,,,,423,,,,,  37 304,,18,,  1 509,,,  5 481,,,,,,,,
Lao People's Democratic Republic,,,,,,,,,539,,,  11 172,69,,,,  58 722,,,105,,,,,0,,,,,,,0,,,,121,,  13 860,,,,,13,,,,,,,,3,,,,,1,2,,,18,,,,,,,,,,,,,,0,  50 300,920,,,,,  2 315,,,6,,,,,,,,,,,,40,,,,,,6,,,77,,,,,,,,,,,,,,,0,,,,,,,,,,,,,,,,,4,,,,,,,,,55,515,,,,,,,56,,,,,,,,  4 321,,,,,,,,,100,,,,,,,,,,,,,,,,,,,,,33,,20,,,,,,284,724,,,  165 019,,,,,,,,,,,,,,,64,,  171 577,,,,,,  1 033,,,,,
Latvia,,,,,,,,,270,,,  10 144,445,,,,,,  11 085,106,,,,,0,,,,,,,10,,,,,,  7 412,,,,,47,,,,17,,,,1,,0,,,41,32,,,15,,,,,,,,,  6 102,,,,,0,  1 310,,,,,  1 382,  3 143,,,75,,,,,,,,,,,,21,0,,,,,703,,  9 479,38,,,,358,,,,  2 526,,,,,,,,  11 157,8,,,,,,4,,,,,,21,,,,,,,,,,,,128,,,,,,,,15,,,,,,,,,  3 167,20,,,,,,,  95 730,,,,,,,,,,,,,,,,,5,3,,,199,,50,,,,,,  1 811,422,,,,,,,,,,,15,,,,,  20 185,,  1 160,,  26 179,,,,,124,,,,,,
Lebanon,,,  1 564,,,,,46,  3 248,  1 129,,  81 858,  1 015,,,728,,,32,  1 528,35,,,,64,312,,,  17 987,12,,266,,,,,,  52 394,,,,,211,,,,  1 078,,358,,86,,0,123,,685,51,,,  7 758,,12,717,148,  2 317,,,,,,,,,142,  38 599,,,772,,,  45 648,525,,  5 775,,,121,,27,852,,,,,,304,14,,,,  1 173,26,,  3 924,  9 128,,,  3 021,,,,  4 513,,,45,,,  4 230,  6 615,,118,34,,,,7,,30,,,106,,,  1 542,,,,,,923,,,68,,,  1 682,,,,,,,,590,,,,282,,,49,30,467,17,35,  3 090,,,,306,  2 133,,,,4,,,,,,  57 203,911,5,,  2 190,,0,14,4,,,903,,  1 282,8,  2 342,,,,  15 745,  3 516,,,,,,,,,,,273,,,,,  2 132,  5 513,  8 712,,  86 369,,,,,  7 601,,,,,,
Lesotho,,,,,,,,,,,,43,3,,,,,,,6,,,,,6,,,505,,,,,,,,,,77,,,,,11,,,,,,,,,,,,,,1,,,31,,,,,,,,,,,,,,0,10,,,,,,,,,3,,,,,,,,,,,,0,,,,,,7,,,0,,,,,,,,,,,,,,,,,,,,,,,,,,,,,,,,,,,,  3 531,,186,,,41,,,,,,,,,,,,,,,,,,,,,,,,,,,,,,,,,,,,,,,,,,,,,,  187 019,,,,,,,293,16,80,,,,,,,,,,,,,,,,,,45,79,,,,,,,,,,,,
Liberia,,,,,,,,,,,,63,150,,,,,,,204,,,,,1,,,,,,,1,,,,,,125,,,,,8,,,,,,,,,  2 793,,,,,2,,,50,,,,,40,,,,,,,,,4,803,,,,153,,  2 666,  9 824,,35,,,,,,  342 691,  3 906,,,,,1,0,,,,,21,,,4,,,,,,,,,,,,,,,,,,,,,,586,,,,,,,,,,,,,,,,,,,980,,,,,  7 823,,,66,,,,,,,,,,8,,,,,,,,,,,,,,,,,,,,,  130 316,,,,,,,308,,620,,,,,2,438,272,,,0,,,81,,,,,,,,,,,,219,,  11 455,,,,,,,,,,,
Libya,,,  1 982,,,,,,113,,,  1 268,254,,,,,,,80,,,,,2,,,,,,,34,,,,,,571,,,  1 096,,17,,,,,,,,12,  5 379,0,,,57,25,,,71,,,,,  2 936,,,,,,,,,29,  1 354,,,,,,  1 438,,,  1 123,,,,,,,,,,,,332,0,,  13 860,,,84,,  19 180,  5 450,,,338,,,,,,,2,154,,,,,,,,,,,,435,,,124,,,,,,,,,803,,,52,,,199,,,,100,,,,57,,,,11,,,,32,433,2,,,,,,,373,,,,,,,,,,,,45,,,,,7,8,,,158,0,78,0,,  2 388,,,293,636,,,,,,,,,,  1 224,743,,,,,,,  6 468,,  4 037,,,,,124,,,,,,
Liechtenstein,,,,,,,,,170,,,16,208,,,,,,,5,,,,,2,,,,,,,1,,,,,,34,,,,,3,,,,,,,,3,,,,,,0,,,10,,,,,,,,,,,,,,0,103,,,,,,35,,,12,,,,,,,,,,,,0,,,,,,0,,,3,,,,,,,,,,0,,,,,,,,,,,,,,,,,,,,,,,,,,,,,,,,,,,,,,,3,,,,,,,,,,1,,,,,,,,,,,,,,,,,,,,,,,,,,,,,,58,,,,,,,  2 790,,,,,,,,,,,,,,,,,,7,,,,,,,,,,,,,
Lithuania,,,,,,,,,  1 980,,,  4 818,501,,,,,,  18 380,109,,,,,0,,,,,,,9,,,,,,  6 640,,,,,36,,,,41,,,,8,,0,,,23,41,,,13,,,,,,,,,  3 195,,,,,0,  1 547,,,,,  3 623,  2 386,,,293,,,,,,,,,,,,42,0,,,,,  1 246,,  13 594,16,,,,  4 347,,,,  6 622,,  17 512,,,,,,,13,,,,,,3,,,,,,78,,,,,,,,,,,,172,,,,,,,,8,,,,15,,,,,  113 201,38,,,,,,0,  82 889,,,,,,,,,,,,3,,,,,9,2,,,192,,37,,,,,,616,383,,,,,,,,,,,63,,,,,  25 282,,  1 182,,  29 745,,,,,130,,,,,,
Luxembourg,,,,,,,,,213,,,125,420,,,,,,,  4 600,,,,,2,,,,,,,2,,,5,,,551,,,,,12,,,,21,,,,9,,0,,,3,4,,,64,,,,,,,,,,,,,,19,  8 016,,,,,,  5 470,,,146,,,,,,,,,,,,4,53,,,,,19,,,929,,,,,,,,,,1,,,,,8,,,,,,,,,,,,,,,,,,,,,,,64,,,399,,,,,,,,58,,,,,,,10,,177,  1 485,,,,,,,92,,,,,,,,,,,,11,,,,,14,29,,,14,,658,,,,,,94,  1 272,,,,,,,,,,,11,,,,,,,691,,  2 053,,,,,,,,,,,
Madagascar,,,,,,,,,14,,,137,42,,,,,,,258,,,,,2,,,100,,,,0,,,,,,  1 180,,,,,9,,,,,  10 810,,,2,,,,,2,6,,,14,,,,,48,,,,,,,,,0,  38 740,,,,,,430,,,63,,,,,,,,,,,,8,0,,,,,2,,,193,,,,,,,,,,1,,,,,,,,,,,,,,,,,56,  1 086,,,,,,,,,,,,,68,,,,,,,,337,,,,,,,,,,10,,,,,  3 339,,144,,,,,,,,,,,,,34,,,,,,,,422,,39,,,,,,57,870,,,,,,,,,,,,,,,,,,110,,,,,,,,,,,,,
Malawi,,,,,,,,,,,,360,21,,,,,,,13,,,,,0,,,713,,,,,,,,,,293,,,,,1,,,,,,,,,,,,,2,5,,,38,,,,,23,,,114,,,,,,2,77,,,,,,,,,,,,,,,,,,,,,,0,,,,,14,,,8,,,,,,,,,,1,,51,,,,,,,,,,,,,,,,,,,,,,,,  2 103,,545,,,110,,,,,,,,8,,,,,,,,,,55,,,,,,,12,,,,,,,,,,,,,,,,,,,,,  13 336,,3,,,,,,31,43,,,,,,,,,,,,,,,,,,  10 474,  7 218,,,,,,,,,,,  17 073,  68 618
Malaysia,,,  1 651,,,,,,6,,,  72 135,266,,,,  92 533,,,190,,,13,,5,,,,,,  40 306,0,,,,80,,  15 453,6,,,,22,  3 195,  10 234,,,,,,3,,,,,11,3,127,,298,,,36,12,  2 445,,,,,,,,,142,  1 901,,,,,,  2 616,,,63,,,,,,,,,,,,0,5,  12 295,  5 406,,,171,,,67,,  4 684,983,,,,,,,7,,,,  6 980,,,26,,,,46,,16,,,,36,,23,,,,,,,,,,,,  2 091,,  8 661,,,,,,182,,,,12,115,,30,245,11,10,,,51,,,,557,,,,,,,,,,,,,,,  195 072,,,,133,,889,,41,22,,,,,755,  1 121,,,  1 293,,134,,,,,,64,,,,,,,  42 754,,  33 834,,,,,30,13,,,,,
Maldives,,,,,,,,,,,,80,5,,,,,,,1,,,,,,,,,,,,1,,,,,,0,,,,,1,,,,,,,,1,,,,,,0,,,3,,,,,4,,,,,,,,,1,4,,,,,,,,,8,,,,,,,,,,,,,,  1 810,,,,1,,,1,,,,,,,,,,,,,,,,,,,,,,,,,,,,,,,,,,,,,,,,,,,,,,,,,,,,,,,,,,,,,,,,,,135,,,,,,,,,,,,,2,,,,,,,,54,,,17,,,,,5,31,,,,,,,,,,,,,,,,,,27,,,,,,,,,,,,,
Mali,,,,,,,,,,,,24,54,,,,,,,144,,726,,,0,,,,,,,0,  37 576,,9,,,111,,351,,,10,,,,,,  4 678,,,  422 476,,,,,4,,,5,,,,,241,,,,,,,,,3,  49 299,,,  17 028,  5 697,,634,  3 592,,15,,,,,,  15 549,,,,,,8,0,,,,,6,,,43,,,,,,,,,,2,,,  1 970,688,,,,,,,,,,,,  6 776,,,,,,,,,,,,,,,48,,,,  31 142,  14 578,,,5,,,,,,,,,35,12,,,,,,0,196,,,,,,,,,,,  28 161,,,  1 953,,,,,,,104,0,351,,,  1 058,,,40,173,,,,,,  1 539,,,,200,,,,,,,,16,,,,,,,,,,194,,220,
Malta,,,,,,,,,4,,,  57 407,60,,,,,,,246,,,,,6,,,,,,,1,,,,,,  9 773,,,,,8,,,,,,,,,,,,,8,2,,,48,,,33,,,,,,,,,,,8,910,,,,,,246,,,227,,,,,,,,,,,,0,0,,,,,23,,,257,,,,,,,,,,2,,,,,,,13,,,,,,,,,,,,,,,,,,,,,,,,106,,,,,,,,37,,,,,,,14,,,6,,,,,,,575,,,,,,,,,,,,6,,,,,1,,,,163,,95,,,,,,68,127,,,,,,,,,,,10,,,,,,,  30 631,,  9 614,,,,,,,,,,,
Marshall Islands,,,,,,,,,,,,26,,,,,,,,,,,,,,,,,,,,0,,,,,,5,,,,,,,,,,,,,,,,,,,0,,,1,,,,,,,,,,,,,,,,,,,,,,,,2,,,,88,,,,,,,,,,,,,,0,,,2,,,,,,,,,,,,,,,,,,,,,,,,,,,,,,126,,,,,,,,,,,,,,,,,,97,,,,,,,,,,,,,,,,,,,,,,,,,,,,,,,,,,,,,,,,,,,,,,,,,,,,,,,,,,,,,,,,,,,,  1 086,,,,,,,,,,,
Martinique,,,,,,,,5,,,,20,,,,,,,,,,,,,,0,,,,,,,,,,,,288,,,,,5,,,,,,,,3,,,,,0,,,,8,,52,51,,,,,,,,,,,,,  4 570,,,,,,,,,,,  5 803,,,,,,,,,,,,,,,,,,,,,,,,,,,,,,,,,,,,,,,,,,,,,,,,,,,,,,,,,,,,,,,,,,,,,,,,,,,,,,,,,,,,,,,,198,,,,,,,,,,,,0,,,,,,,,,,,,,,,,,,,,,,,,,,,,,,,,,,,,,,,38,,,,,,
Mauritania,,,,,,,,,,,,16,19,,,,,,,555,,,,,0,,,,,,,1,,,,,,24,,,,,10,,,,,,965,,,  9 873,,,,,1,,,4,,,,,152,,,,,,,,,0,  11 287,,,,  2 005,,,9,,3,,,,,,384,359,,,,,9,,,,,154,2,,,46,,,90,,,,,,,,,,,433,,,,,,,,  14 942,,,,,,,,,,,,,  1 088,,,,,,163,,,,,,,,3,,,,,,,,,,8,,,,,,,,,,,,,,,,,,  89 862,,,142,,,,,,,,,702,,,,,,15,74,,,,,,68,,,,376,,,,,,,,3,,,,,,,,,,282,,,
Mauritius,,,,,,,,,,,,  20 215,63,,,,,,,616,,,,,,,,292,,,,0,,,,,,  5 095,,,,,1,,,,,,,,,,,,,3,1,,,83,,,,,,,,,,,,,,13,  38 101,,,,,,,,,45,,,,,,,,,,,,21,3,  2 547,,,,74,,,  9 594,,,,,,,,,,0,,,,,,,51,,,,,,,,,,,,,,,,,,,,,158,,,145,,,,,,,,145,,,,,,,,,,,,,,,  1 008,,273,,,,,,,,,,,,,258,,,,,,,,  4 711,,19,,,,,,104,  1 750,,,,,,,,,,,,,,,,,,  22 883,113,,,,,,,,,,,,
Mayotte,,,,,,,,,,,,,,,,,,,,,,,,,,,,,,,,,,,,,,0,,,,,0,,,,,,,,,,,,,,,,,,,,,,,,,,,,,,,,,,,,,,,,,,,,,,,,,,,,,,,,,,,,,,,,,,,,,,,,,,,,,,,,,,,,,,,,,,,,,,,,,,,,,,,,,,,,,,,,,,,,,,,,,,,,,,  1 800,,,,,,,,,,,,,,,,,,,,,,,,,,,,,,,,,,,,,,,,,,,,,,,,,,,,,,,,,,,35,,,,
Mexico,,,,,,,,3,  2 332,,,777,832,,21,,,,,828,  3 025,,,,  8 125,10,,,792,,,2,,,4,,,  18 610,13,,,,746,,,,  1 908,,,,  2 081,,0,889,,16,19,,,239,,,  1 737,656,71,  2 457,,,,,,,,67,  6 305,,,,,,  3 437,,,379,,,,,  5 402,,,,306,,795,20,10,,,,,59,,  1 422,  4 331,,786,,,,,,,,6,,,,,0,,27,,,,,,,,,,,,,,,,,,,,,,,,658,,,925,,,,,208,,,,  1 393,,  3 059,  1 067,31,165,62,  1 907,,,,,4,173,,,,4,,,,,,,,2,,,,,3,5,,,78,,  9 649,,,,,,847,  2 539,,,,,,,,,,,37,,,,,,,704,, 4 298 014,,719,,,  2 886,,,,,,
Micronesia (Federated States of),,,,,,,,,9,,,6,1,,,,,,,,,,,,,,,,,,,,,,,,,5,,,,,1,,,,,,,,,,,,,,,,,,,,,,,,,,,,,,,,1,,,,,,,,,,,,,  2 962,,,,,,,,,,,,,,0,,,0,,,,,,,,,,,,,,,,,,,,,,,,92,,,,,,,,,,,,,,,,,,,,,,,,  1 720,,,,166,,,,,,,,,,,,,,,,,,,,,,,,,,,,,,,,,,,,,15,,,,,,,,,,,,,,,,,,,,,,,,,,,  2 741,,,,,,,,,,,
Monaco,,,,,,,,,23,,,37,14,,,,,,,5,,,,,2,,,,,,,1,,,,,,130,,,,,4,,,,,,,,1,,,,,,0,,,5,,,,,62,,,,,,,,,1,  3 282,,,,,,,,,11,,,,,,,,,,,,0,0,,,,,1,,,154,,,,,,,,,,,,,,176,,,,,,,,,,,,,,,,,,,,,,,,,,,23,,,,,,,,,,,,,,,,,3,,,,,,,,192,,,,,,,,,,,,,,,,,,,,,11,,82,,,,,,11,116,,,,,,,,,,,,,,,,,,60,,,,,,,,,,,,,
Mongolia,,,,,,,,,,,,36,993,,,,,,96,41,,,,,0,,,,,,,23,,,,,,24,,,,,0,,,,,,,,7,,,,,,140,,,2,,,,,1,,,,28,,,,,1,288,,,,,,,,,9,,,,,,,,,,,,386,5,,,,,61,,,5,,,,,,,,,,87,,,,,,79,,,,,,,,,,,,,,,,,,,,,,,,,27,,,,,,,,0,,,,,,,,,234,,,,112,43,,,  21 142,,,,,,,,,,,,,,,,,11,,,,,,10,,,,,,30,148,,,,,,,,,,,46,,,,,,,40,,,,,,,,,,,,,
Montenegro,,,,,,,,,,,,  1 297,  12 031,,,,,,,  1 304,,,,,0,,  3 727,,,,,7,,,,,,0,,,,,,,,,,,,,,,0,,,,29,,,  1 900,,,,,,,,,,,,,,0,949,,,,,,  30 932,,,,,,,,,,,,,,,0,,,,,,0,,,  1 458,,,,,,,,,,,,,,,78,,  2 301,,,,,,,,,,,,,,,,,,,,,,,,,,,,,,,,0,,,,,,,,,275,0,,,,,,,538,,,,,,,,,,,,  9 511,,,,,10,  2 646,,,,,0,,,,,,0,0,,,,  9 247,,,,,,,,,,,,,,197,,,,,,,241,,,,,,
Montserrat,,,,,,,135,844,,,,,,,,,,,,,,,,,,,,,,108,,,,,,,,384,,,,,10,,,,,,,,3,,,,,,,,,,,59,,,,,,,,,,,,,5,,,,,,,,,2,,6,,,,,,,,,,,,,,,,0,,,,,,,,,,,,,,,,,,,,,,,,,,,,,,,,,,,,,,,,,,,,,,,,,,,,,,,,,,,,,,,,,,,,,,,,186,14,,,,,,,,,,,,,,,,,,,,,,,,,,,,,,,,,,,,,,,,,,,,  1 290,,  3 493,649,,,,,,,,,,
Morocco,,,,,296,,,,466,,,984,  1 061,,,257,,,,  135 422,,,,,6,,,,,,,19,,,,,,  16 116,,,,,62,,,,73,,,,17,,0,,,16,26,,,  3 004,,,21,16,527,,,,,,,,,412,  713 987,,,221,,,  72 631,,  2 021,762,,,,,,,,,,,,38,21,,,,451,52,,  157 029,  169 285,,,398,,,,  1 594,,,3,182,,,  1 505,,,125,,,,,,83,,,306,,,186,,,,,,,,,,,,  114 850,479,,,,,,,  2 393,,,,24,,,27,,221,395,,  1 300,,,,4,  1 755,,,,,,,,,,,  3 405,3,,,,,3,3,,,  1 058,,  133 341,,,,,,  3 529,  8 362,,,,,,,,,,  7 275,113,,,,,  2 100,  1 948,  8 857,,  15 541,,,,,  1 551,,,,,,
Mozambique,,,,,,97,,,25,,,386,37,,,,,,,21,,,,,0,,,184,987,,,6,,,51,,,691,,,,,15,,,,,,,,3,,,,,3,1,,,65,,,,,14,,,  3 537,,,,,,6,  1 048,,,,,,,,,39,,,,,,,,,,,,12,4,,,,,8,,,58,,,,,  1 043,,,,,0,,32,,,,,,, 1 075 410,,,,,,,,,,,,,,,,,,,203,,,216,,,,,,,,22,,,,,,,,,18,  74 609,,,,,,,111,,,,,,,,,243,,,,,,,,,,,,  346 433,,101,,,,,  46 196,154,709,,,,,,,,,,,,,,,234,,,467,  144 353,,,,,,47,,,,,  41 255,  478 855
Myanmar,,,,,,,,,19,,,  9 884,39,,,,  125 851,,,27,,,,16,1,,,,,,,,,,,24,,  2 337,,,,,2,,,,,,,,10,,,,,11,1,,,43,,,,,9,,,,,,,,,7,673,,,,,,276,,,42,,,,,,,,,,,,8,0,  85 706,,,,12,,,28,,,2,,,,,,404,,,,,,,,,,,  4 568,,,,,,,,,,,,,,,,,,,,,86,,363,,,,,,30,,  3 598,,23,,,,55,,,,,88,,,,411,,,,,,,,,,  89 529,,,,,,,,,,,211,,7,,,,,,98,110,,,  229 504,,,,,,,,18,,,,,,,  10 359,,  19 835,,,,,,963,,,,,
Namibia,,,,,,345,,,4,,,265,101,,,,,,,7,,,,,,,,286,,,,1,,,,,,167,,,,,2,,,,,,,,,,,,,1,2,,,10,,,,,379,,,,,,,,,51,104,,,,,,,,,8,,,,,,,,,,,,0,10,,,,,7,,,13,,,,,119,,,,,,,5,,,,,,,,,,,,,,,,,,,,,,,,,,,,,68,,,,,,,,19,,,,,,,,,,,,,,,,,106,,,,,,,,,,,,,,,,,,,,,  10 904,,7,,,,,,37,127,,,,,,,,,,,,,,,,,,172,370,,,,,,,,,,,  2 360,
Nauru,,,,,,,,,,,,463,1,,,,,,,0,,,,,,,,,,,,0,,,,,,19,,,,,0,,,,,,,,,,,,,,1,,,,,,,,,,,,,,,,,,,,,,,,,,,,,,,,,,,,,,,,0,,,,,,,,0,,,,,,921,,,,,,,,,,,,,,,,,,,,,,,,,,,,,,,,,,,,,,,,,,,,,,,,,,,,,,,,,,,,,,,,,,,3,,,,,,,,,,,,,,23,,,,,,,,,,,,,,,,,,,,,,,,,,,0,,,,,,,,,,,,,
Nepal,,,,,,,,,,,,404,323,,,228,  9 670,,,45,,,,334,0,,,,,,  3 665,1,,,,21,,120,,,,,7,,  6 254,,,,,,7,,,,,14,4,,,37,,,,,,,,,,,,,,16,707,,,,,,867,,,29,,,,,,,,,,,,0,8,  518 212,,,,26,,,11,,,9,,,,  1 416,,,1,,,,,,,30,,,  14 931,,,,,,,,,,,,,,,,,,,,,206,,72,,,,,156,52,,,,,,,,74,13,9,,459,10,,,,573,,,,,,,,,,  177 661,,,27,,,,,,,,125,,45,4,,,,,121,353,,,  5 763,,,,,,,,,,,,,,  1 730,828,,  2 262,,,,,,106,,,,,
Netherlands,,,,,190,,,17,943,,  2 096,  104 866,  4 668,,36,174,,,,  61 047,,,,9,2,  6 705,,188,  3 535,,247,12,,,62,14,,  124 373,12,19,,,462,,683,,425,,,10,381,,232,,,120,135,,,  2 389,,4,578,276,  1 068,71,,,,,,,,414,  34 420,,,,,,  116 092,131,,  5 508,,,318,,83,,,,,,69,181,112,,928,,,  1 642,,  4 337,  17 068,,749,147,,,,  1 080,,,16,,,298,  3 048,40,33,  3 092,,,,,,72,,,,,,638,,,,,,,,,763,,,,,  23 845,117,,,,,  3 268,611,,,79,,,484,82,  1 368,  1 823,53,407,,,,59,371,,,,9,,,,,,,,92,,,,0,11,261,,,  17 440,,  13 912,,,,  1 312,,  3 561,  14 877,,78,151,,,,,,,,  9 916,,,,215,,  1 320,  28 913,,  96 198,,,,,649,,,,,,
New Caledonia,,,,,,,,,,,,  1 190,,,,,,,,,,,,,0,,,,,,,,,,,,,58,,,,,3,,,,,,,,,,,,,,,,,,,,,,,,,,,,,,,,,,  1 745,,,,,,,,,,,,,,,,,,,,,,,,,1,,,,,,,,,,,,,,,,,,,,,,,,,,,,,,,,,,,,,,,,,,,,,,,,,,,,,,,,,,,,,,,,,,,,,,,,,,,,,,,,,,,,,,,,129,,,,,,,,,,,,,,,,,,,,,,,,,,,,,19,,,,,,163,,,843,,,,
New Zealand,,,,237,,,,3,24,,,  298 309,244,,14,,,,,125,,,,11,34,3,,,,,119,5,,,,,,  7 182,18,,,,105,,  1 506,,48,,,  2 155,14,,82,,,23,9,,,309,,,,38,114,,,,,,,37,  1 211,36,  1 221,,99,,,,916,,,567,,,,,,,,,,,,0,86,,,,,192,48,,88,,  1 275,28,,,42,,,,5,,,,,,,23,,,746,6,,9,,,,,,35,,,,,,,,,74,32,,  2 833,98,,,,,233,,266,,,,17,  2 540,,67,117,71,13,,,39,,,,196,,,,1,,,  1 041,,,,,2,,,  1 131,,1,1,141,,  1 402,,128,1,,,,4,499,  1 017,,166,  2 439,,139,,103,,,,70,,,,,,,  40 222,,  15 415,,,,154,16,,,,,,
Nicaragua,,,,,,,,,145,,19,725,115,,9,,,,,32,,,,,66,,,,329,,,15,,,,,,  6 199,240,,,,168,,,,470,,,,  99 153,,,595,,3,4,,,36,,,415,131,,  3 893,,,,,,,,5,489,,,,,,653,,,41,,,,,  3 726,,,,,,  142 802,8,1,,,,,3,,,78,121,,,,,,,,,1,,,,,,,,,,,,,,,,,,,  3 096,,,,,,,,,,,,133,,,,,,,,35,,,,  4 553,,,114,,,,460,,,,,,71,,,,,,,,,,,,,,,,,,,,,106,,  1 002,,,,,,317,244,,,,,,,,,,,,,,,,,,31,,  168 659,,,,,  2 526,,,,,,
Niger,,,,,,,,,1,,,15,17,,,,,,,989,,  9 802,,,1,,,,,,,8,  8 275,,,,,48,9,,  2 614,,2,,,,,,,,,  50 297,,,,2,1,,,3,,,,,97,,,,,,,,,7,  1 709,,,,,,223,  4 229,,33,,,,,,  1 393,,,,,,15,0,,,,,25,,,4,,,,,,,,,,,,,  1 127,275,,,,,,,,  3 571,10,,,135,,,,,,,,,,,,,,,52,,,,,  35 442,,,0,,,,,,,,,,,,,,,,,27,,,,,,,,,,,  1 397,,,161,,,,,,,21,,18,,,,,,9,72,,37,,,,  10 540,,,,,,,,,,,,13,,,,,,,,,,,,,
Nigeria,,,,,,,,35,93,,,959,  4 673,,30,187,,,,942,30,  19 972,25,,7,,,108,,,,31,  2 542,,84,,  105 140,  3 004,3,,  14 822,,11,,,,42,,,,3,  31 352,0,,,76,17,,,219,,18,42,17,586,,91,,,,,,,94,  2 710,,,  7 381,,,  13 230,  14 876,,  1 565,,,,,,910,,,,,,169,3,  1 286,,,,837,,,  11 859,,193,23,,,,  1 160,,,4,,,  2 393,  1 674,,5,,,,,,  1 590,51,,,,,,69,,,,,,,,,  1 453,,,  1 410,,,11,  38 319,,,,306,,,,7,,,,45,281,42,,311,0,,,1,  1 165,,,,6,,,,,,,701,,25,  2 116,,,1,2,,,  16 073,0,704,,,  23 208,,,550,  1 315,,,,,,  9 708,,,271,116,70,,,,,,  1 417,  45 984,,  55 350,,,,,89,,,,,160,
Niue,,,,,,,,,,,,243,,,,,,,,,,,,,0,,,,,,,,,,,,,,,,,,2,,,,,,,9,,,,,,,,,,,,,,,,,,,,,,,,,,,,,,,,,,,,,,,,,,,,,,,,,,,,,,,,,,,,,,,,,,,,,,,,,,,,,,,,,,,,,,,,,,,,,,,,,,  5 578,,,,,,,,,,,,,,,,,,,,,,,,,,,,,,7,,,,,,,,,,,,,,21,,,,,,,,,,,,,,,,,,,,,,,,,,,,,,,,,,,,,,,,
Northern Mariana Islands,,,,,,,,,,,,6,,,,,,,,,,,,,,,,,,,,,,,,,,,,,,,8,,,,,,,,,,,,,,,,,,,,,,,,,,,,,,,,,,,,,,,,,14,,,,  2 019,,,,,,,,,,,,,,,,,,,,,,,,,,,,,,,,,,,,,,,,,,,,,,,103,,,,,,,,,,,,,,,,,,,,,,93,,,,,,,,,,,,,,254,,,,,,,,,,,,,,,,,,,,,28,,,,,,,,,,,,,,,,,,,,,,,,,,,,,,,,,,,,,,,,
Norway,,,,,,,,,129,,,  2 622,533,,13,,  4 240,,49,761,,,,,92,2,,116,230,,,4,,,,,,  7 926,,,,,184,,,,61,,,,42,,0,,,50,24,,,  12 613,,,67,79,106,,,,,,151,,,904,  3 257,,,,,,  6 286,,,958,108,,,,,,,,,,,118,683,,,,,59,,,159,,360,8,,,,,,,22,,,,302,6,43,171,,,,,,5,,,,,,58,,,,,,,,,79,,,  1 733,,,,,,,,,,,,7,,,74,100,447,82,,,,,,120,  1 134,,,,,,,,,,,,1,,,,,3,,,,533,,  3 145,1,,,,,  33 367,  1 612,,,812,,,,,,,,860,,,,,,,  8 506,,  42 240,,,,,80,,,,,,
Oman,,,,,,,,,,,,45,17,,,,,,,1,,,,,1,,,,,,,0,,,,,,14,,,,,31,,,,,,,,2,,,,,16,,,,1,,,,,436,,,,,,,,,2,21,,,,,,,,,3,,,,,,,,,,,,14,,,,,,9,,,38,,,540,,,,,,,,247,,,  1 246,,,,,,,,,,,,,,,,,,,,,,,,,,,175,,,,,,,,10,,,,,,,,93,,,,,,,,,61,,,,,,,,,,,,,,,,,,,,,33,,1,3,  9 110,,,,5,15,,57,,,,,,,,,6,,,,,,,281,,,,,,,,,,,,,
Pakistan,  8 107,,,,,,,7,10,,,  5 949,  2 651,,15,  20 949,,,24,  1 647,,,13,10,55,,,145,127,,378,23,,,,19,,  24 161,35,,,,42,  1 817,  5 062,,39,,,,6,,,,,129,23,72,,  6 946,,,166,18,387,,,,,,,,  1 294,139,  15 579,,,,,,  26 620,47,,  5 947,,,,,17,,,,,,,205,8, 1 921 278,  5 486,  10 729,525,293,,,  6 808,,  2 068,  5 168,,,,  129 928,,,16,  2 361,308,,  1 104,,35,,,,  3 208,79,,54,,,,1,,23,,,12,,,,866,  5 171,246,,  2 371,  6 717,,28,,,,,,  10 470,  35 675,,,43,,,51,262,85,250,,334,269,,,1,  1 683,,,,8,,,,,,  556 715,,,23,,  12 345,,2,3,,,  1 523,,  2 213,173,,,,,  2 435,  1 918,,178,  1 086,,190,,,,,,275,,,,224,,  158 710,  228 321,407,  91 889,,,,,12,30,,,,,
Palau,,,,,,,,,,,,,1,,,,,,,0,,,,,,,,,,,,,,,,,,5,,,,,1,,,,,,,,,,,,,,0,,,,,,,,,,,,,,,,,,,,,,,,,,,8,,,,  1 232,,,,,,,,,,,,,,,,,2,,,,,,,,,,1,,,,,,,,,,,,,,,,,,,,378,,,,,,,,,,,,,,,,,,  1 332,,,,,,,,,3,,,,,,,,,,,,,,,,,,,,,,,,,,,,,,,,,,,,,,,,,,,,,,,,,,,,,,,,,,,,,,,,,,,,,,
Panama,,,,,,,,,376,,,118,34,,17,,,,,35,,,,,92,,,,974,,,4,,,,,,  1 118,43,,,,351,,,,  2 073,,,,  8 692,,,184,,5,2,,,25,,,699,321,,557,,,,,,,,10,358,,,,,,207,,,286,,,,,242,,,,,,190,8,1,,,,,3,,,143,73,,,,,,,,,0,,,,,,,,,,,,,,,,,,,  25 641,,,,,,,,,,,,101,,,442,,,,,12,,,,,,,246,,34,35,  1 873,,,,,,81,,,,12,,,,,,,,,,,,,,,,,59,,  1 236,,,,,,157,258,,,,,,,,,,,,,,,,,,68,,  85 737,,,,,  1 470,,,,,,
Papua New Guinea,,,,,,,,,,,,,33,,,,,,,3,,,,,0,,,,,,,1,,,,,,106,,,,,4,,,,,,,10,,,,,,,0,,,4,,,,,,,,,,,,,,1,108,,,,,,,,,3,,,,,,,,,,,,0,0,,,,,3,,,3,,,,,,,,,,,,,,,,,,,,,,,,,,,,,,,,,,,,,,,,,0,,  1 160,,,,,,,,,,,,,,9,,,,,,,,,,,,,,,,24,,,,,,,,,,,,  1 110,,59,,1,,,,,,18,158,,,,,,,,,,,,,,,,,,147,,,,,,50,,,,,,,
Paraguay,,,,,,,,,  257 243,,,277,125,,,,,,,62,,,,,  1 173,,,,  21 394,,,0,,,,,,  4 702,,,,,641,,,,237,,,,58,,,,,2,8,,,28,,,61,81,,36,,,,,,,,7,755,,,,,,636,,,72,,,,,72,,,,,,27,5,1,,,,,5,,,53,,,,,,,,,,1,,,,,,,,,,,,,,,,,,,290,,,,,,,,,,,,78,,,,,,,,50,,,,38,,,389,,,6,,,,,,0,104,,,,,,,,,,,,,,,,,,,,,116,,907,,,,,,102,356,,,,,,,,,,,,,,,,,,70,,  6 057,,  1 241,,,359,,,,,,
Peru,,,,,,,,,  16 366,,141,  3 795,930,,43,,,,,617,,,,,  7 138,,,,  5 716,,,7,,,4,,,  11 010,5,,,,  7 052,  2 202,,,  2 896,,,,  2 225,,53,191,,8,17,87,,245,,,  1 991,  2 567,,246,,,,,,,,88,  7 906,309,,,,,  4 288,,,209,,,,,210,,,,351,,291,72,20,,,,,24,,649,  12 843,,  10 282,,,,,,,,3,,,,,,,96,,,,,,8,,,,,,  2 981,,,,,,,,,,,,  1 040,,,221,,,,,277,,,,  1 781,,,,6,143,59,703,,,,,,784,,,,,,,,,,,,5,,,,,5,4,,,199,,  18 828,,,,,,  3 560,  4 829,,,,,,,,,,,13,,,,,,,567,,  144 199,,555,,,  29 635,,,,,,
Philippines,,,,379,146,,,,128,,217,  90 580,  7 633,,64,  7 934,,,,  3 007,,,92,9,14,,,,,,  7 837,10,,,,71,,  118 304,34,,,,92,  28 155,  79 010,  1 892,56,,,,72,,0,,,  1 793,8,  1 116,,  1 972,,,115,42,677,31,,,,,14,,,299,  7 979,,,,,,  22 895,20,,  11 217,2,,,  24 527,15,,,,,,,0,135,,  3 472,,,774,,,  65 197,,  49 106,  2 245,,,,  49 207,,,1,  1 026,,,  1 929,0,,183,,,  104 730,303,,94,120,,,,,186,170,,31,,,,,,364,100,,  3 077,,  4 379,,,,,  12 836,  3 552,  5 930,,  1 569,223,  2 005,,230,,67,74,274,  37 462,482,,,,190,,,,,,,,,,  239 551,,5,61,,  1 175,,0,3,147,,  1 485,,  8 682,,,,,,  4 290,  7 161,,,  1 266,,591,,,,187,,141,,,,,,  60 107,  21 328,,  912 674,,,,,143,12,,,,,
Poland,,,,,,,,,  29 520,,,  74 954,  33 851,,12,,,,235,  4 588,,,25,,193,,,,  13 225,,,423,,,,,,  177 219,,,,,465,,,,495,,,,329,,655,211,,176,  6 082,,,  8 085,,,475,104,407,,,,236,,23,,,  1 027,  135 061,,,,,  3 794,  248 610,34,,  29 946,9,,,,,,,,,,,  3 647,265,,,,,  3 168,,  95 566,  24 516,,359,85,  23 820,,,,  6 934,,  30 550,,,,  1 163,11,  4 372,722,,,,,,20,,,,,,  1 693,,,5,,,,,,249,,,  9 026,,572,,,,,,  4 367,,,,67,,696,142,12,,104,36,,,794,,538,  31 333,,,,,,,,18,,,,81,,,,,  1 207,62,,,  1 622,,  4 206,,,,,,  31 527,  9 473,,58,,101,,,,,,,826,,,,,  3 718,,  71 908,,  388 328,,  4 067,,,803,,,,,,
Portugal,,,,,  3 957,  5 298,,,  13 551,,177,  19 115,949,,1,,,,,  14 810,,,  1 530,,37,  1 328,,137,  274 924,,,3,,,  1 132,,,  154 655,,,,  3 380,127,,73,  3 489,133,,442,,57,,0,,,16,10,,,441,,,160,122,44,20,,,,,,,,92,  781 382,,,,,,  92 782,,,731,,,186,,14,237,528,,,,,21,45,454,,,,122,,,  6 791,,319,,,,,,,,1,,,,,134,3,  30 614,,,,,,3,,,,,,163,,,,,,,  6 499,,641,,,  7 814,,,,,,,,600,,,,177,,,91,25,85,,68,,,403,,48,129,,,,,,,,,206,,,4,,,,,1,3,,,  19 125,,  35 909,0,,,,,  1 975,  89 576,,,53,,258,,,,,,54,,,,,,,  19 323,,  390 588,,  1 216,,,  71 582,,,,,,
Puerto Rico,,,,,,,,30,210,,,46,3,,,,,,,,,,,,33,23,,,,32,,,,,,,,182,15,,,,121,,,,432,,,,268,,,272,,1,,,,5,,6,  8 767,167,,109,,,,,,,,,290,,,,,,,,,18,,,,194,69,,,,  1 546,,98,,0,,,,,,,,,,,,,,,,,,,,,,,,,,,,,,,,,,,,,  1 287,,,,,,,,,,,,,,,54,,,,923,0,,,,253,,,97,8,,,,,,,,,,,,,7,,,,,,,,,,,,0,,,,,,,,,,,,,,,,,,,,,,,,,,,,,,,,,, 1 180 383,  3 974,,,,912,,,,,,
Qatar,,,,,,,,,,,,97,15,,,8,,,,,,,,,6,,,,,,,2,,,,,,259,,,,,29,,,,,,,,2,,,,,3,7,,,5,,,,,287,,,,,,,,,3,151,,,,,,,,,6,,,,,,,,,,,,30,1,,,,,7,,,0,,,102,,,,49,,,0,,,,819,,,,,,,,,,,,,,,,,,,,,,,,,,,15,,,,,,,,0,27,,,,,,,27,9,,,,,,,,115,,,,,,,,,,,,,,,,,,,,,,,5,3,  9 870,,,,18,11,,,,,,,,,,,7,,,,,,61,148,,,,,,,,,,,,,
Republic of Korea,,,,201,,,,,  10 229,,,  23 735,,,,,,,22,45,,,,15,555,,,,,,138,33,,,,26,,  31 722,,,,,663,  148 141,  3 238,,143,,,,148,,0,,,2,19,  5 873,,  6 527,,,548,270,282,208,,,,,63,,,52,  18 230,,,60,,798,  20 119,,,15,,,,  3 582,290,138,,,,,53,  1 076,27,,  10 866,,,37,,,630,,  688 141,96,  41 045,,,,  1 459,,9,,,,806,,,49,,,  1 194,,,,,,63,,,128,65,,276,,,,,,52,,,  4 145,,783,20,,,,  2 422,  4 821,,,11,96,87,  5 162,475,593,53,21,72,,,,,,  2 014,,,,,,,,,,,,2,,15,,,0,1,38,,  1 625,,  1 257,7,,,,,  7 205,  1 430,,,469,,,,,,,,124,,,,61,,,  1 717,,  568 397,,,,,245,25,,,,,
Republic of Moldova,,,,,,,,,  1 003,,,15,980,386,,,,,  8 826,173,,,,,0,,,,,,,582,,,,,,  2 284,,,,,3,,,,,,,,3,,0,,,234,202,,,59,,,6,,48,,,,  1 543,,,,,0,861,,,,,  4 413,  1 218,,,  9 177,,,,,,,,,,,,56,0,,,,,113,,  28 570,84,,,2,  13 149,,,,  8 066,,  1 629,,,,,,  1 763,,,,,,,6,,,,,,,,,,,,,,,,,,4,,,,,,,,3,,,,,,,,,467,887,,,,,,  52 248,  292 807,,,,,,,,,,,,28,,,,,8,17,,,,,17,,,,,,58,155,,  2 071,,,,,,,,,564,,,,,  180 029,,61,,  10 932,,,,,,,,,,,
R?union,,,,,,,,,,,,51,,,,,,,,,,,,,,,,,,,,,,,,,,63,,,,,0,,,,,957,,,,,,,,,,,,5,,,,,,,,,,,,,,,,365,,,,,,,,5,,,244,,,,,,,,,,,,,,,,,,,,,,,,,,,,,,,,,,,,,,,,,,,253,,,,,,,,,,,,,,,,,,,,,,,,,,,,,,,,,,,,,,,,,,,,,,,,,,,,,,,,,,,,,,  1 143,,,,,,,,,,,,,,,,,,,,,,,,,,,1,,,,,,,,,,,,,
Romania,,,,,,,,,  3 713,,,  12 241,  24 968,,0,,,,10,  2 261,,,14,,61,,624,,  6 604,,,143,,,,,,  32 422,,,,,435,,,,458,,,,62,,0,153,,  1 345,  2 945,,,877,,,30,101,226,,,,,,1,,,157,  31 928,,,,,390,  176 920,,,  5 983,0,,,,,,,,,,,  194 128,1,,,,,430,,  128 886,  40 066,,,310,,,,,713,,  3 562,,,,645,2,35,106,,,,,,76,,,,,,278,,,,,,,,,45,,,  1 665,,271,,,,,,286,,,,38,,,130,2,  4 748,818,,,,  5 142,,,  3 936,,,,,,,,43,,,,443,,,,,  1 115,63,,,773,,  2 145,,,,,,  9 253,  6 255,,,,24,,,,,,,  5 018,,,,,,,  3 873,,  91 106,,811,,,774,,,,,,
Russian Federation,,,  6 287,,,,,,  5 016,  62 218,,  8 365,  17 059,  39 234,4,,,,  791 522,530,,,,,106,,271,,  11 249,,,  6 899,,,55,14,,  95 333,,163,,,449,  1 080,59,,493,,790,,519,,0,  4 491,,  3 235,  3 282,43,,  1 595,,,287,498,  9 311,29,,,  283 457,,2,,,  10 252,  21 377,,,,,  191 090,  77 318,47,,  28 345,,,,,,478,,,,,19,  38 081,37,  3 445,,,210,229,,  175 938,  7 359,,440,581, 2 474 111,,,,  349 174,,  473 207,265,,,  26 586,6,  158 448,377,,,,,384,129,,,56,34,,  1 171,,,  2 755,,,,,,672,,,  2 561,,  1 072,387,,,,,61,,,,408,41,,449,23,  76 953,680,,,37,  227 107,,  7 224,,,,,,,,,7,,,,361,79,75,,,622,171,,,  1 193,,  3 120,1,,,,,  5 125,  5 876,,  363 565,,217,,,,,,,  11 430,  118 024,,,305, 5 018 098,,  4 247,,  190 654,,, 1 267 201,,597,,,,,,
Rwanda,,,,,,46,,,,,,44,117,,,,,,,716,,,,,2,,,,,,,0,,  221 943,,,,307,,,,,1,,,,,,0,,1,,,,,0,3,,  22 972,11,,,,,59,,,991,,71,,,,2,  3 150,,,65,,,324,268,,174,,,,,,,,,,,,1,0,,,,,15,,,126,,,,,  3 874,,,,,1,,,,,,,24,,  2 249,,,,,,,,,,,,,,,,,,,530,,,304,,,,,,,,6,,,,,,,,,,,,,,,,,177,,,,,,,,,,,,,,,,,,,,,  2 094,,23,,,,,2,88,619,,,0,,,880,,,,,,,,,  219 499,,,331,  68 609,,,,,,,,,,,0,
Saint Helena,,,,,,,,,,,,31,,,,,,,,,,,,,,,,,,,,,,,,,,19,,,,,0,,,,,,,,,,,,,,,,,,,,94,,,,,,,,,31,,0,1,,,,,,,,,26,,,,,,,,,,,,,,,,,,1,,,,,,,,,,,,,,,,,,,,,,,,,,,,,,,,,,,,,,,,,,,,,,,,,,,,,,,,,,,,,,,,,,,,,,,,,,,,,,,,,,,,,,,,,,220,,,,,,,,,,,,,,,,,,,,,,,,,,,480,,,,,,,,,,,,,
Saint Kitts and Nevis,,,,,,,426,469,,,,17,1,,13,,,0,,,,,,,1,  2 083,,,,  1 555,,,,,,,,  1 464,,,,,13,,,,,,,,1,,,,,,1,,,,,23,76,,,,,,,,,,,0,5,,,,,,,,,6,,9,,,,,,,,,,12,,,,,,0,,,2,75,,,,,,,,,,,,,,,,,,,,,,,,,,,,,,,,,176,,,,,,,21,,,,,,,,,,,,,,,,,,,,,,,,,,,,,19,,35,,,,,,,,,,0,,,,,26,,,,,,,,,,,,,,,,,,,,,,,,,,,910,,  7 447,  5 828,,,,,,,,,,
Saint Lucia,,,,,,,,392,,,,16,8,,25,,,  3 317,,,,,,,,1,,,,274,,,,,,,,  1 713,3,,,,5,,,,,,,,2,,,,,,0,,,3,,102,,,,,,,,,,,,0,155,  1 722,,,,,,,,,,92,273,,,,,286,,,,,,,,,,1,,,1,257,,,,,,,,,,,,,,,,,,,,,,,,989,,,,,,,,,,,,,,,,20,,,,,,,,,,,,,,,,,,,,,,,,,,,,46,,,208,,,,,,,,,,0,,,,,,,3,,,,,,22,54,,,,,,,,,  1 306,,,,,,,,,  1 153,,  6 959,  2 533,,,,65,,,,,,
Saint Pierre and Miquelon,,,,,,,,,,,,,,,,,,,,,,,,,0,,,,,,,,,,,,,422,,,,,2,,,,,,,,1,,,,,,,,,,,,38,,,,,,,,,,,0,,,,,,,,,,11,,,,,,,,,,,,,,,,,,0,,,,,,,,,,,,,,,,,,,,,,,,,,,,,,,,,,,,,,,,,,,,,,,,,,,,,,,,11,,,,,,,,,,,,,,,,,,,,,,,,,,,,,,,,,,,,,,,,,,,,,,,,,,,,,,,,,,,,,,,,,,,,,,,,,,
Saint Vincent and the Grenadines,,,,,,,,478,,,225,22,6,,20,,,  3 676,,,,,,,,39,,,,  1 046,,,,,,,,  4 357,10,,,,0,,,,,,,,1,,,,,0,0,,,8,,45,,,,,,,,,,,,1,93,,,,,,,,,92,,325,,,,,,103,,,,0,,,,,,1,,,0,176,,,,,,,,,,,,,,,,,,,,,,,,,,,,,,,,,45,,,,,,,20,,,,,,,,,,,,,,,16,,,,,,,,,,,,,74,182,,,,,,,,,,,,0,,,,,,,,,,,,,,,,,,,,,,,  11 629,,,,,,,,,990,,  12 824,432,,,,107,,,,,,
Samoa,,,,  14 674,,,,,,,,  5 709,3,,,,,,,,,,,,,,,,,,,1,,,,,,63,,,,,,,,,,,,5,,,,,,,0,,,6,,,,,,,,,,,,,271,1,27,,,,,,,,,2,,,,,,,,,,,,,,,,,,3,,,13,,,,,,,,,,,,,,,,,,,,,,,,,,,,,,11,,,,,,,,,,,7,,  42 264,,,,37,,,,,,,,,,,,,,,,,,,,,,,,,,,,,,,,,,,,,,,,,,,,,,,,13,,,,,,,,114,170,,,,,,21,,,,38,,  11 408,,,,,,,,,,,
San Marino,,,,,,,,,37,,,,1,,,,,,,16,,,,,,,,,,,,1,,,,,,10,,,,,6,,,,,,,,,,,,,,1,,,1,,,,,,,,,,,,,,0,248,,,,,,,,,9,,,,,,,,,,,,,,,,,,0,,,  1 055,,,,,,,,,,,,,,,,,,,,,,,,,,,,,,,,,,,,,,,,,,,,,,,,,,,,,,,,,,,,,,,,,,31,,,,,,,,,,,,,,,,,,,,,,,9,,,,,,,,,,,,,,,,,,,,,,,,,,,,,,,,,,,,,,
Sao Tome and Principe,,,,,,  3 112,,,,,,,1,,,,,,,8,,,,,,,,,,,,,,,  2 475,,,19,,88,,,12,,,,,,,,,,,,,,0,,,0,,,,,,,378,,,,,,,0,127,,,  2 009,,,,,,3,,,,,,,,,,,,,,,,,,,,,9,,,,,,,,,,,,,,,,,,,,,,,,,,,,,,,,,,,,,,,,,57,,,,,,,,,,,,,,,,,,  5 581,,,,,,,,,,,,,,,,,,,,,,,,,,,,,,14,,,,,,,37,,,,,,19,,,,,,,,,,,,11,,,,,,,,,,,,,
Saudi Arabia,,,  3 068,,,,,,175,,,586,263,,,61,,,,22,,,,,12,,,,,,,1,,,,,,  1 732,,,,,25,,,,96,,,,6,,,,,58,4,,,48,,,24,30,  4 546,,,,,,,,,17,  1 246,,,,,,  1 003,,,532,,,,,27,682,,,,,,286,1,  6 058,  5 544,,519,82,,,17,,,  3 495,,,,380,,,0,  1 597,,,  12 976,,,,,,,,,11,,,273,,,186,,,,,,,,,,,,446,,51,,,,,,36,215,,,18,,,22,227,34,,,  14 187,,,,,317,,,,,,,,,,,  1 177,,,,,,2,,,,604,,157,15,  21 258,,,,656,393,,,0,,,,,,,,  3 344,,,,,,465,  4 198,,  12 632,,,,,894,,,,,,
Senegal,,,,,,,,,,,,149,184,,,,,,,717,,,,,4,,,,,,,1,  1 983,,141,,,466,,,,,20,,,,,,  3 468,,1,  23 556,,,,2,8,,,35,,,,,384,,,,,,,,,15,  73 801,,,  9 416,  72 943,,  1 771,53,,81,,,,,,  6 770,  5 053,,,,,5,3,,,,,4,,,  44 973,,,,,,,,,,,,,243,  1 096,,,29,,,,,  12 899,,,,  94 138,,,23,,,,,,  1 233,,,45,,,303,,,83,732,,,,36,,,,,,,,,34,183,,,,,,0,108,,,,,,,,,,,,,,737,,,,,,,  2 683,,  3 334,,,,,,180,893,,,,,,483,,,,325,16,,,,,,,100,,  2 287,,,,,13,,,905,,115,
Serbia,,,,,,,,,,,,  44 312,  107 506,,,,,,16,  5 417,,,,,0,,  16 974,,,,,562,,,,,,0,,,,,,,,,,,,,,,0,,,630,  1 181,,,  5 700,,,180,,,,,,,,,,,0,  1 898,,,,,,  428 334,,,0,,,,,,,,,,,,0,312,,,,,0,,,  17 845,,,35,,,,,,,17,,,,,379,,  4 602,,,,,,101,,,,,,5,,,,,,,,,,,,  14 216,,0,,,,,,0,,,,27,,,,,  4 743,46,,,,,,565,,,,,,,,,,,,,,,,,,383,  24 825,,,  1 964,,0,,,,,,0,0,,,,  17 950,,,,,,,,,,,,,,  1 586,,  5 763,,,,,730,,,,,,
Seychelles,,,,,,,,,,,,  2 610,24,,,,,,,11,,,,,0,,,45,,,,,,,,,,  22 486,,,,,,,,,,,,,,,,,,2,0,,,14,,,,,15,,,,,,,,,0,429,,,,,,,,,41,,,,,,,,,,,,,,,,,,2,,,181,,,,,,,,,,,,,,,,,,,,,,,,,,,43,,,,,,,,,,,84,,,39,,,,,,,,,,,,,,,,,,,,,,,,,,,,,,,,,,,,,,,,,,,,,,28,,3,0,,,,,36,173,,,,,,,,,,,,,,,,,,  2 896,214,,,,,,,,,,,,
Sierra Leone,,,,,,,,,,,,120,147,,,,,,,989,,,,,0,,,,,,,0,,,19,,,216,,,,,1,,,,,,,,,620,,,,1,1,,,72,,,,,41,,,,,,,,,21,713,,,,  1 435,,  1 002,119,,436,,,,,,  15 985,87,,,,,6,5,,,,,38,,,91,,,,,,,,,,2,,,  7 943,117,,,,,,,,  1 227,,,,,,,,,,,,,,,,242,,,634,,,,,  1 553,,,143,,,,,,,,,,12,,,,,,,,,,,,,,,,,,  12 313,,,,,,,,,,384,,212,,,,,,170,408,,,,,,49,,,,,,,,,,,,  6 161,,  7 217,,,,,,,,,0,,
Singapore,,,,,,,,,4,,,  27 151,158,,,,  10 556,,,145,,,,8,6,,,,,,  1 499,2,,,,57,,  6 030,,,,,24,,  6 619,,,,,,17,,,,,8,3,,,236,,,,,69,,,,,,,,,31,  1 348,,,,,,725,,,65,,,,,,,,,,,,73,6,  9 307,  4 346,,,42,,,40,,  1 194,,,,,,,,2,,,,198,,,,,,  31 269,42,,8,,,,,,12,,,,,,,,,,,,  2 193,,  3 085,,,,,,268,,,,10,71,,,133,,7,,,,,,,60,,,,,,,,,,,,,,,,,,,,,427,,35,8,,,,,399,772,,,809,,57,,,,,,48,,,,,,,  33 320,,  12 889,,,,,16,294,,,,,
Sint Maarten (Dutch part),,,,,,,,8,,,125,,,,,,,,,,,,,,32,296,,,,,,,,,,,,,,,,,,,,,22,,,,,,,,,,,,,,,,,,,,,,,,,,,,,,,,,,,,,,,,,,,,,,,,,,,,,,,,,,,,,,,,,,,,,,,,,,,,,,,,,,,,,,,,,,,,,,,,,,,  13 798,,,,,,,,,,,,,,,,,,,,,,,,,,,,,,,87,,,,,,,,,,,,,,,,,,,,,,,,,,,,,,,,,,,,,,,,,,,,,,,,,,,,,,,
Slovakia,,,,,,,,,,,,  2 697,  14 965,,,,,,25,619,,,,,0,,  4 681,,,,,63,,,,,,  10 286,,,,,29,,,,,,,,20,,0,,,34,  70 252,,,105,,,,17,71,,,,,,,,,0,  2 771,,,,,,  16 278,,,699,,,,,,,,,,,,316,1,,,,,412,,,223,,,12,,,,,,,21,,,,,18,16,69,,,,,,13,,,,,,69,,,4,,,,,,,,,14,,,,,,,,6,,,,5,,,,,  2 149,8,,,,,,,  1 020,,,,,,,,,,,,58,,,,,,35,,,201,,110,,,,,,190,  3 313,,,,38,,,,,,,76,,,,,,,  1 431,,,,,,,21,,,,,,
Slovenia,,,,,,,,,  1 783,,,  7 227,  12 724,,,,,,,176,,,,,0,,  2 796,,,,,8,,,,,,  8 990,,15,,,23,,,,26,,,,,,  29 943,,,4,64,,,56,,,,,,,,,,,,,,0,  3 354,,,,,,  12 999,,,104,,,,,,,,,,,,96,8,,,,,11,,,  1 268,,,,,,,,,,2,,,,,53,,54,,,,,,6,,,,,,39,,,,,,,,,,,,7,,,,,,,,0,,,,,,,19,,183,8,,,,,,,138,,,,,,,,,,,,  1 343,,,,,15,,,,,,49,,,,,,536,  3 460,,,,258,,,,,,,35,,,,,,,334,,  3 347,,,,,91,,,,,,
Solomon Islands,,,,,,,,,,,,  1 052,8,,,,,,,,,,,,0,,,,,,,,,,,,,34,,,,,0,,,,,,,,,,,,,,0,,,2,,,,,,,,,,,,,646,0,4,,,,,,,,,6,,,,,,,,,,,,,0,,,,,0,,,1,,,,,,,,,,,,,,,,,,,,,,,,,,,,,,,,,,,,,,,39,,,,,,,,,,,,,,,324,,,,,,,,,,,,,,,,,,,5,,,,,,,,,,,,,,,,,,,,,,,,,,,,,,,,,,,,,,,,,42,,,,,,83,,,,,,,
Somalia,,,926,,,,,,4,,,361,670,,,340,,,,989,,,,,0,,,,,,,1,,,,,,  19 517,,,,,12,,,,,,,,1,,,,,3,1,,,584,  101 216,,,,  1 372,,,  1 438,,  616 940,,,,54,  1 485,,,,,,  5 957,,,44,,,,,,,,,,,,5,0,,,,204,102,,,  11 363,,,24,,  7 875,,  2 111,,,0,,,,  3 917,,,,,211,51,,,7,,,,,,,,,,,,,,,138,,,  1 859,,415,17,,,,,  1 286,,,,,,,,,,,,109,,,,,129,,,,,,,,,,,,,11,,,,,,,,  3 233,,18,,,0,,2,  10 279,  2 647,200,,2,,,,,,,,114,,,,392,,  2 578,  6 078,467,  2 437,,,,,,,,,  36 771,,
South Africa,,,,,,  2 437,,19,278,,,  58 684,  1 538,,21,,,,,652,,,33,,11,,,  5 780,,,,9,,,,,,  23 729,12,81,,,134,,,,49,,,,47,,0,,,  1 235,38,,,604,,,242,41,190,,,97,,,1,,,115,  2 397,,,4,,,  4 059,,,  1 755,,,,,,,,,,,,44,65,,,,,621,303,  8 519,409,,,24,,197,,,,,2,,  2 777,,543,0,,45,,  1 276,,,,45,,,,184,,87,,,,,,,  28 813,,  12 536,,,  6 568,,  5 555,,,,,,629,,,,12,,,82,186,376,  6 464,,,0,,,,246,,71,,4,,,,,,,,3,83,239,,,6,5,,,,,740,3,,,,  20 848,798,  4 029,,,,,,,,,,,71,,,,,,,  66 921,409,  34 707,,,,,70,,,,,  6 328,  11 426
South Sudan,,,,,,,,,,,,0,,,,522,,,,,,,,,,,,,,,,,,,,,,,,0,,,,,,,,,,,,,,,,,,,  113 409,,,,,,,,,933,,  384 266,,,,,,,,,,,,,,,,,,,,,,,,,,,,,,,360,,,,,,,233,,  5 801,,0,,,1,106,,,  4 753,,,,,,,,,,,,,,,,,,,,,,,,,,,,,,,,,,,0,,,,,,,,,,,,608,,,,,,,,,,,,,,,,,,,,,,,,,,,,,,,0,,,,,,,,,,,,,,,,,,,,,  3 951,,,,,,,,,,,,,,
Spain,,,,,  27 103,,,5,  229 535,,,  15 097,  2 271,,32,,,,31,  51 265,,,94,,  1 644,15,,,  59 188,,,18,,,30,,,  10 713,9,,,,  9 710,,269,,  5 631,,,,  1 829,,0,  10 703,,39,42,,,  1 525,,,  7 354,  2 013,449,855,324,,,,,,,502,  433 748,,72,,,,  142 457,,  2 392,  2 586,,,,,944,59,,,  1 297,,371,54,105,,,,,499,,  3 129,  26 557,,856,282,,,,,,,18,,,286,  1 282,191,  1 450,  1 911,,,,,,11,,,77,15,,  24 620,,,,,,  2 802,,,508,,,  17 357,94,,557,,,,,  1 321,,,,  2 506,,  1 114,  3 631,257,  1 577,  11 027,  4 542,,,,,106,840,,,,,,,,,,,,19,11,,,,10,128,,,488,,,0,,,,,  3 990,  54 716,,,,,,,,,,,292,,,,61,,,  37 827,,  76 415,,  34 478,,,  109 078,,,,,,
Sri Lanka,,,,,,,,,6,,,  46 660,540,,24,  5 863,,,,124,,,,15,0,,,398,,,676,2,,,,22,,  24 410,,,,,6,  3 026,524,,,,,,1,,,,,  2 457,8,120,,  5 014,,,,,249,,,,,,,,,159,  33 041,,,,,,  38 618,15,,  1 344,,,,,,,,,,,,47,83,  281 720,,,,46,,,  19 974,,  1 206,  11 062,,,,  36 364,,,31,  5 054,,,710,,,,,,  1 194,  4 289,,9,,,,9,,,,,,,,,,,,0,78,  4 699,,  2 298,,,,,,  4 707,  13 996,889,,,118,,,43,35,3,,932,60,,,,  1 020,,,,,,,,,,  200 579,,,316,,  5 788,,,,,,963,,45,,,,,,  4 599,  18 837,,,  3 781,,,,,,,,18,,,,,,  44 420,  38 424,,  14 022,,,,,,46,,,,,
State of Palestine,,,  36 004,,,,,,,,,  2 753,152,,,  1 531,,,,13,,,,,0,,,,,,,3,,,,,,  5 397,,,,,390,,,,,,,,,,0,,,90,19,,,54,,,188,33,  53 328,75,,,,,,,,0,850,,,,,,,,,389,,,,,30,,,,,,116,93,,,,,  14 347,13,,,55,,,  851 880,,,,  9 497,,,0,  389 171,,,  152 266,,,,,,,,,12,,,135,,,2,,,,,,,,,,,,,,,,,,,,0,,,,56,,,,,,,,  7 574,,,,7,  1 808,,,,,,,,,,,,9,,,,,6,,,,97,,,,,,,,799,275,  244 707,,0,,,,,,,589,768,,,,,  1 828,  11 602,,,  21 070,,,,,425,,,,  2 562,,
Sudan,,,  9 127,,,,,,18,,,  1 218,350,,,  4 235,,,,110,,,,,0,,,,,,,12,,,,,,  1 324,,  22 094,  9 529,,5,,,,,,,,1,,0,,,129,16,,  15 895,74,,,,,  15 184,,,131,,  53 857,,,,0,  1 132,,,,,,,18,,  1 141,,,,,,,,,,,,72,,,,,  2 924,113,,,47,,,  1 891,,814,,  29 503,,,1,864,,,  38 599,,,,,,,,,8,,,,,,,,,,,,,,,294,,,  1 725,,,,337,,,,68,  4 910,,,,,,,17,88,,,  3 178,,,,,588,,,,,,,,,,  178 769,,,,,,,,4,,,  2 619,0,36,,,,,,557,426,0,,0,,,,,,,,63,,,,  126 304,,  32 088,  1 489,,  4 423,,,,,,,,,  18 648,,
Suriname,,,,,,,,9,11,,721,68,11,,,,,0,,61,,,,,1,  2 005,,,120,,,0,,,,,,513,,,,,8,,,,,,,,13,,,,,1,0,,,20,,7,103,,,,,,,,,,,0,267,  15 289,,,,,,,,2,,,3,,,,,  1 047,,,,,0,,,,,2,,,12,,,,,,,,,,,,,,,,,,,,,,,,,,,,,,,,,,,,,,,,,  156 211,,,,,,,,10,,,,,,,,28,,,,,,,,,,,,,18,,,,,,,,,,,,0,,,,,,,11,,,,,,16,67,,,,,,,,,,,,,,,,,,36,,  2 860,,,,,106,,,,,,
Swaziland,,,,,,,,,,,,117,13,,0,,,,,,,,,,,,,108,,,,1,,,,,,101,,,,,2,,,,,,,,1,,,,,,0,,,37,,,,,,,,,,,,,,3,8,,,,,,,,,6,,,,,,,,,,,,,,,,,,4,,,1,,,,,,,,,,,,51,,,,,,,,,,,,,,,,,,,,,,,,,,290,,,36,,,,,,,,,,,,,,,,,,48,,,,,,,,,,,,,,,,,,,,,,,,,,,,  34 114,,,,,,,,12,44,,,,,,,,,,,18,,,,,,,118,51,,,,,,,,,,,,
Sweden,,,,,54,,,,566,,,  5 694,  1 956,,11,,,,190,  1 812,,,,11,200,,,129,457,,,15,,,,,,  7 489,,10,,,731,,,,175,,,,97,,279,,,227,52,,,  15 641,,,369,117,358,33,,,90,,56,,,  26 043,  10 606,,,,,,  13 195,,,  3 364,144,,,,27,,,,,,23,262,  1 012,,,,,145,,  1 178,  5 968,,586,82,,,,,,,128,,,  1 120,  1 021,22,478,456,,,,11,,28,,,,,,324,,,,,,,,,149,,,  2 144,,522,55,,,,,  20 429,,,,27,,,201,99,998,216,,,,,,177,340,,,,,,,,,,,,146,,,,,8,248,,,116,,  5 755,29,,,,,,  6 101,,,249,,,,,,,,  1 291,,,,,,,  10 818,,  53 676,,,,,231,,,,,,
Switzerland,,,,,64,,,,  2 175,,,  9 905,  8 704,,85,,,,22,  2 347,,,117,11,325,,,,  2 886,,,15,,,18,,,  15 674,25,150,,,696,,487,,663,,,,388,,465,,,94,95,,,  1 388,,,  2 140,654,  1 775,87,,,,,,,,434,  60 882,,107,,,,  33 253,104,,  2 747,,,89,,151,,,,377,,47,145,53,,,,,106,,  2 662,  43 544,,980,53,,,,,,,11,,,148,  5 069,  4 128,23,646,,,,102,,17,,,,66,,  1 195,,,4,,,,,,634,,,  4 279,,  1 505,95,,,,,  1 151,,,,84,,,557,250,718,  3 766,,,,,,106,407,,,,,,,,,,,,350,,,,,18,798,,,  4 268,,  32 884,6,,,,,  1 877,,,81,370,,,,,,,,  8 109,,,,,,,  12 338,,  39 130,,,,,854,,,,,,
Syrian Arab Republic,,,  3 550,,,,,142,  4 931,  3 225,,  5 351,  1 828,,,  1 777,,,40,699,,,,,23,,,,  4 434,,,473,,,,,,  10 560,,,,,358,,,,  1 238,,,,9,,0,,,810,108,,,538,,6,76,22,  5 259,,,,,,,,,49,  13 644,,,9,,,  15 330,37,,  6 547,,,117,,52,30,,,,,,482,8,,  3 465,,  4 778,22,,  10 963,527,,,  51 557,,,,  11 021,,,5,  23 553,,,  15 014,,,,,,,,,101,,68,125,,,510,,,,,,  1 399,,,,,,  2 035,,,,,,,,194,,,,83,,,,19,785,10,,526,,,,  2 087,  5 464,,,,12,,,,,,  305 838,,14,,,,,37,1,,,113,,  1 927,0,  5 224,,,,  11 128,  1 309,,,,,,,,,,375,  5 247,,,,,  4 494,  13 462,  2 761,,  36 782,,,,,  13 833,,,,  2 238,,
Tajikistan,  40 537,,,,,,,,,,,41,157,340,,,,,  6 587,13,,,,,0,,,,,,,5,,,,,,111,,,,,2,,,,,,,,,,,,,2,16,,,6,,,,,47,,,,853,,,,,0,30,,,,,  3 306,236,,,15,,,,,,,,,,,,16,97,,,,,4,,  4 484,7,,,,  5 085,,,,  6 041,,47,,,,133,,  1 481,,,,,,,,,,,,,,,,,,,,,,,,,61,,,,,,,,0,,,,,,,,,85,,,,,,,,  424 727,,,,,,,,,,,,,,,,,,,,,,,1,,,,,,51,26,,,,,,,,,,,64,,,,,  34 861,,13,,  1 693,,,  4 971,,,,,,,,
Thailand,,,,,,,,,133,,,  15 834,  3 088,,,294,  15 503,,,  1 723,,,,28,2,,,,,,  6 612,3,,,,  14 149,,  5 585,17,,,,22,  5 839,  12 860,  1 923,,,,,4,,,,,65,8,232,,  1 958,,,,,967,,,,,,5,,,411,  12 071,,,,,,  16 629,,,326,4,,,,,,,,,,,631,83,,  1 458,,,103,,,568,,  6 726,73,,,,  1 823,,  2 277,1,,,,  2 762,0,,168,,,  31 127,67,,42,,,,,,35,,,,,,,,,109,,,  2 502,,  2 671,,,,,,  1 291,,,,3,,,14,180,53,18,35,  1 377,43,,,,75,,,,,,,,,,,,,5,,  1 438,,1,5,,,151,,271,3,,,,,  8 135,  8 699,,,,,119,,,,,,35,,,,,,  2 228,  7 189,,  106 919,,,,,62,  1 218,,,,,
The former Yugoslav Republic of Macedonia,,678,,,,,,,  13 164,,,  40 724,  12 075,,,,,,,545,,,,,0,,  2 468,,,,,  1 018,,,,,,  7 038,,,,,226,,,,,,,,26,,  12 962,,,5,131,,,  1 151,,,6,29,147,,,,,,,,,0,  74 534,,,,,,  35 938,,,  4 152,,,,,,,,,,,,  46 027,7,,,,,126,,,  72 688,,,208,,,,,,,,,,,,436,,  1 957,,,,,,14,,,,,,,,,12,,,,,,,,,5,,,,,,,,0,,,,,,,,,291,3,,,,,,,359,,,,,,,,,,,,  6 395,,,,,54,  6 720,,,59,,39,,,,,,  1 856,  36 819,,,,,,,,,,,  37 647,,,,,,,347,,  10 469,,,,,,,,,,,
Timor-Leste,,,,,,,,,,,,  9 518,,,,,,,,,,,,,,,,,,,,,,,11,,,38,,,,,,,,,,,,,,,,,,,0,,,,,,,,,,,,,,,,,,1,,,,,,,,,0,,,,,,,,,,,,,,,729,,,1,,,10,,,,,,,,,,,,,,,,,,,,,,,,,,,,,,,,,,,,,,,,,,,,,,,,,,,,,,,,,7,,654,,,,,,,,,,,,,,,,,,,,,,,,,,,,,,,,,,,,,,,,,,,,,,,,,,,,,,,330,,,,,,,,,,,,,
Togo,,,,,,,,,,,,12,120,,,,,,,989,,  17 244,,,1,,,,,,,,  6 131,,,,,120,,5,,,3,,,,,,747,,,  25 298,,,,,4,,,32,,,,,,,,,,,,,,3,  14 522,,,  7 105,,,  1 693,  61 553,,11,,,,,,  1 468,,,,,,2,0,,,,,22,,,87,,,,,,,,,,1,,,250,,,,,,,,,893,,,,104,,,,,,,,,,,,,,,305,,,,  5 521,  46 886,,,53,,,,,,,,,,8,,,,,,,,,,,,,,,,,,  1 380,,,43,,,,,,,,,41,,,,,,182,454,,,0,,,,,,,,,,,,,,,76,,,,,,,,,,,,,
Tokelau,,,,30,,,,,,,,53,,,,,,,,,,,,,,,,,,,,0,,,,,,,,,,,,,,,,,,,,,,,,,,,,,,,,,,,,,,,,,,,,,,,,,,,,3,,,,,,,,,,,,,,,,,,,,,,,,,,,,,,,,,,,,,,,,,,,,,,,,,,,,,,,,,,,,,,,,  1 467,,,,,,,,,,,,,,,,,,,,,,,,,,,,,,131,,,,,,,,,,,,,,,,,,,,,,,,,,,,,,,,,,,,,,,,,,,,,,,,,,,,,,
Tonga,,,,  1 304,,,,,,,,  6 163,4,,,,,,,,,,,,0,,,,,,,0,,,,,,96,,,,,1,,,,,,,,,,,,,,2,,,4,,,,,,,,,,,,,  1 221,0,164,,,,,,,,,,,,,,,,,,,,,,0,,,,,0,,,5,,,,,,,,,,,,,,,,,,,,,,,,,,,,,,7,,,,,,,,,,,,,  12 834,,,,48,,,,,,,40,,,,,,,,,,,,,,,,,,,47,,,,,,,,,,,,,,,,,,,,,,15,,,,,,,,,,,,,,,,,,,19,,  10 668,,,,24,,,,,,,
Trinidad and Tobago,,,,,,,,356,75,,,920,38,,278,,,  1 750,,,,,34,,4,23,,,,206,,,,,,,,  47 386,113,,,,6,,,,52,,,,26,,,,,4,0,,,100,,111,100,15,,,,,,,,,,7,269,,,,,,354,,,9,,  1 647,,,,,,189,,,,0,1,,,,,22,,,21,  1 775,,,,,,,,,0,,,,,,,,,,,,,9,,,,,,32,,,,,66,,,,,,,225,,,,,,,,221,,,,64,,,,,,,337,,,,,,,,,115,325,,837,,,,,,,,,,0,,,,,26,,13,,,,,,183,191,,,,,,,,,,,,,,,,,,  17 191,,  115 710,  2 475,,,,  3 611,,,,,,
Tunisia,,,,,,,,,99,,,411,  2 033,,,155,,,,  6 112,,,,,0,,,,,,,18,,,,,,  2 438,,,,,27,,,,,,,,3,,,,,9,39,,,410,,,,,495,,,,,,9,,,163,  276 216,,,69,,,  27 234,,,529,,,,,,,,,,,,34,6,,,,241,19,,  40 293,  70 813,,,221,,,,961,,,0,,,,  1 414,0,,114,,,,,,161,,,221,,,,,,,,,  1 763,,,,,,  2 632,546,,,,,,,375,,,,,,,,17,187,15,,277,,,,2,607,,,,,,,,,,,,4,,,,,6,2,,,111,,574,,850,,,,  2 143,  5 067,,,,,,,,,,,132,,,,,,  1 175,  2 367,,  4 101,,,,,13,,,,,,
Turkey,,  2 489,,,,,,,  2 498,  1 956,115,  33 246,  88 108,  2 894,,  1 291,,,11,  80 005,,,26,,2,,,,  1 031,,,743,,,,,,  11 692,,6,,,178,,,,73,,,,6,,0,,,152,55,,,  19 476,,,73,,770,,,,,,,,,457,  241 148,,,,,455, 1 586 121,,,  34 502,,,,,16,,,,,,,385,18,343,,277,938,94,,  31 449,  7 575,,,957,  19 692,,,  8 007,833,,12,437,,,  2 197,820,40,194,,,,,,79,,,,,,290,,,109,,,,,,52,,,  140 494,,,,,,,,  4 977,,,,33,,,37,202,641,31,42,  2 308,,87,,878,  13 032,,,,,,,,,,,,47,,,,,10,5,,,792,,454,0,,,,,  25 061,  51 936,,  1 175,0,  11 417,,,,,,,,,,,,  1 637,  9 781,  25 947,,  55 087,,,,,115,,,,,,
Turkmenistan,,,,,,,,,,820,,25,77,  2 352,,,,,  6 339,5,,,,,0,,,,,,,7,,,,,,106,,,,,3,,,,,,,,,,,,,3,12,,,4,,,,,21,,,,996,,,,,0,217,,,,,  1 609,28,,,  40 196,,,,,,,,,,,,,0,,,216,,1,,507,7,,,,338,,,,  2 941,,23,,,,58,,  3 341,,,,,,,,,,,,,,,,,,,,,,,,,,,,,,,,,0,,,,,,,,,62,,,,,,,,  165 923,,,,,,,,,,,,3,,,,,,,,,,,1,,,,,,44,18,,  1 084,,,,,,,,,492,,,,,  31 201,,12,,569,,,330,,,,,,,,
Turks and Caicos Islands,,,,,,,,4,,,,,,,  2 080,,,,,,,,158,,,,,,,,,1,,,,,,38,,,,,3,,,,,,,,,,,,,,,,,,,,3,,,,,,,,,,,,7,,,,,,,,,,,,,,,,,,,,,,,,,,,0,,,,,,,,,,,,,,,,,,,,,,,,,,,,,,,,,,,,,,,,,,,,,,,,,,,,,,,,,,,,,,,,,,,,,,,,,,,,,,,,,,,,,,,,,,,,,,,,,,,,,,,,,,,,,,,,,,,,,17,,,,,,,,,,,,,
Tuvalu,,,,,,,,,8,,,71,7,,,,,,,,,,,,,,,,,,,4,,,,,,10,,,,,,,,,,,,,,,,,,,1,,,,,,,,,,,,,,,,378,0,1,,,,,,,,,20,,,,,,,,,,,,,,,,,,,,,0,,,,,,377,,,,,,,,,,,,,,,,,,,,,,,,,,,,,,,,,316,,,,  1 026,,,,40,,,,,,,,,,,,,,,,,,,29,,,,,,,39,,,,,,,,,,,,,,,,12,,,,,,,,,,,,,,21,,,,,,,,,,,,,,,,,,,,,,,,
Uganda,,,,,,,,,1,,,925,150,,0,,,,,96,,,,,2,,,295,,,,1,,  1 833,,,,  8 598,,,,,11,,,,,,,,8,,,,,5,4,,  18 418,269,,,,,91,,,175,,103,,,,10,421,,,,,,  1 013,,,107,,,,,,,,,,,,6,3,  2 058,,,,29,,,53,,,,,  83 355,,,,,1,,185,,,,,,,,,,,,,,,,,,,,,,,,,,712,,,321,,,,,,,,242,,,,,,,,,61,17,,,,,,,100,  34 106,,,,,,,,,,,,5,,,,,,,,  4 621,0,11,,,  74 433,,1,  1 880,367,,,0,,,,,,,,,,,,,,,  49 648,  19 706,  6 684,,,,,,,,,,349,
Ukraine,,,,,,,,,  3 583,  10 066,,  12 428,  4 534,  3 842,0,,,,  261 845,  2 298,,,,,0,,,,,,,  1 671,,,28,,,  50 845,,,,,35,,,,208,,,,135,,0,  1 367,,815,  8 198,,,605,,,121,134,67,,,,  43 063,,,,,0,  7 869,,,,,  46 581,  16 108,,,189,,,,,,84,,,,,,  3 040,11,,,,,170,,  168 081,206,,,45,  356 063,,,,  85 115,,  46 572,21,,,189,3,  43 228,169,,,,,,30,,,,,,250,,,,,,,,,380,,,46,,247,80,,,,,6,,,,66,,,171,,  438 692,  3 196,,,,  245 741,,  15 695, 3 301 922,,,,,,,,4,,,,156,,,,,  2 619,89,,,  1 822,,408,,,,,,  1 146,  1 593,,  3 990,,65,,,,,,,  1 011,  12 576,,,,,,  3 233,,  154 211,,,  180 213,,187,,,,,,
United Arab Emirates,,,,,,,,,,,,561,97,,,771,,,15,,,,,,0,,,,,,,1,,,,,,  1 218,,,,,8,,,,38,,,,,,,,,38,8,,,56,,,,,464,,,,,,,,,14,266,,,,,,,,,17,,,,,,,,,,,,0,0,  9 940,,,222,39,,,2,,,156,,,,  4 778,,,1,,,,  1 322,,17,,,,,,,6,,,62,,,,,,,,,,,,,,,20,,,,,,,,27,  2 702,,,,,,,99,118,,,  39 178,,,,,283,,,,,,,,,,,,2,,,,,4,,,,175,,14,19,  10 629,,,,275,124,,,,,,,,,,,  3 344,,,,,,,754,,  1 656,,,,,,,,,,,
United Kingdom of Great Britain and Northern Ireland,,,  2 060,,  1 043,,197,623,  2 391,,, 1 111 203,  6 067,,  1 964,  1 614,  9 090,  2 988,340,  21 480,306,,  4 590,17,580,50,,  3 289,  3 849,440,  1 996,59,,,14,43,,  688 691,  1 049,,,  54 519,  1 428,  4 737,  11 838,,991,,,49,451,,182,110,,  9 055,351,188,,  9 126,,230,581,719,  3 051,135,,34,31,,139,664,759,  1 738,  102 335,,76,,,,  103 961,972,  3 025,  34 223,32,,166,,125,,,131,,,78,521,647,  5 063,  20 883,,,  184 671,  30 510,  14 958,  59 492,  5 469,  10 209,465,,,23,  10 010,,,117,212,,  1 146,  8 712,27,281,  2 355,,769,  3 433,94,,  5 333,,67,,694,,  2 273,,,65,,156,828,,,  2 540,,,  36 211,,  227 889,46,,,,,  14 586,  4 260,,,319,  2 192,140,  1 185,  6 028,  3 732,  6 866,336,  2 886,559,,,273,899,,274,,405,,682,47,,,,,79,274,611,,0,34,75,85,,  117 362,,  61 463,48,,,,,  11 473,  22 512,,477,21,,,,,,  2 157,,  6 483,,246,,  1 071,,  12 229,,682,  640 145,,535,,239,  1 881,256,,,,  1 987,  19 136
United Republic of Tanzania,,,,,,,,,1,,,  1 422,86,,,,,,,106,,,,,1,,,460,,,,7,,  11 912,,,,  19 061,5,,,,27,,,,,163,,,3,,,,,36,5,,,439,,,,,156,,,218,,,,,,86,629,,,,,,816,6,,268,,,,,,,,,,,,28,9,,,,,24,,,135,,,,,  66 464,,,,,0,,116,,445,,,,,  3 279,,,,,,,,,,,,,,,,,  2 935,,  1 624,,,546,,,,,,,,248,,,,,38,,,,71,48,,,,,,,269,  15 825,,,,,,,,,,,,,,,,,,,,26,,28,,,,,,664,522,,,,,,,,,,,53,,,,  32 638,,,  29 112,,  6 282,,,,,,,,,,  6 930,
United States of America,,  3 011,  4 509,  3 510,100,,215,  1 308,  9 992,,425,  53 575,  6 088,,  4 247,453,  28 559,  1 112,42,  11 241,  1 901,,  3 468,63,  3 078,346,,603,  11 806,674,113,139,,,188,91,,  238 998,  1 632,476,,,  5 650,  16 962,  7 599,,  13 478,,51,17,  8 586,,  1 187,  1 186,,791,517,672,,  6 411,,226,  9 115,  8 595,  6 679,  8 033,,,91,,21,15,,  2 545,  40 260,,372,169,,,  99 835,437,,  43 336,30,,197,  27 990,  5 822,552,200,285,  1 607,,  2 692,  2 956,  1 077,  5 649,  8 745,,,  15 922,242,  47 532,  63 755,  4 575,  38 375,  1 691,,,43,  2 808,,,167,773,95,  2 959,  19 067,20,  1 170,  1 098,,,,24,233,832,633,,99,37,,  198 230,234,,247,,173,  1 250,,,  1 553,,,  13 659,,  8 305,  3 721,,,11,  1 203,  15 827,,,315,  3 318,  1 110,  1 582,  7 050,  17 746,  12 778,  5 467,  227 483,809,  11 713,,,705,  3 077,,,,276,72,291,266,,,,662,157,,506,  3 423,0,290,734,135,,  9 267,,  12 187,18,  8 436,,,281,  11 325,  19 316,,417,  1 640,,64,179,,,  2 430,236,  12 868,,454,41,503,  3 308,  3 431,  141 818,808,,  14 246,  1 525,,,  11 639,263,,,,459,
United States Virgin Islands,,,,,,,192,295,,,,,,,,,,,,,,,,,,52,,,,,,,,,20,,,34,,,,,1,,,,,,,,6,,,,,,,,,,,,472,,,,,,,,,,,,1,,,,,,,,,14,,7,,,,,,,,,,,,,,,,,,,,,,,,,,,,,,,,,,,,,,,,,,,,,,,,,,,,,,,,,,,,,,,,,,,,,,,,,,,,,,,936,,,,,,,,,265,9,,,,,,,,,,,,0,,,,,,,,,,,,,,,,37,,,,,,,,,,,,,,,,21,,,,,,,,,,,,,
Uruguay,,,,,78,,,,  136 906,,,  11 795,155,,2,,,,21,61,,,,,402,,,,  23 363,,,2,,,,,,  5 033,,,,,  1 393,,,,360,,,,252,,,,,1,9,,,164,,,  1 625,320,,120,,,,,,,,34,  2 065,,,,,,830,,,56,,,,,95,,,,286,,51,60,3,,,,,11,,  4 315,678,,,,,,,,,,3,,,,,,22,,,,,,,,,,,,,  1 113,,,7,,,,,,,,,284,,,11,,,,,145,,,,147,,  3 293,437,,14,39,,,,,,,479,,,,,,,,,,,,,,,,,,,,,111,,  10 922,,,,,,  1 749,950,,,,,,,,,,,10,,,,,,,134,,  20 766,,,,,  6 076,,,,,,
Uzbekistan,  2 027,,,,,,,,,  1 150,,245,415,  23 232,,,,,  17 154,45,,,,,0,,,,,,,24,,,,,,  1 459,,,,,40,,,,,,,,1,,,,,18,44,,,37,,,,,85,,,,  2 614,,,,,0,303,,,,,  10 078,  2 864,,,  1 284,,,,,,,,,,,,102,2,,,,,18,,  31 121,191,,,,  131 905,,,,  18 416,,309,,,,243,,  4 197,,,,,,,7,,,,,,,,,,,,,,,,,,  4 895,,,,,,,,3,,,,,,,,,498,5,,,30,  4 025,,,  890 893,,,,,,,,,,,,9,,,,,8,2,,,,,27,,,,,,121,96,,  18 848,,,,,,,,,  1 992,  112 171,,,,  131 997,,73,,  14 633,,,,,,,,,,,
Vanuatu,,,,,,,,,18,,,861,4,,,,,,,,,,,,2,,,,,,,0,,,,,,14,,,,,1,,,,190,,,,,,,,,,1,,,4,,,,,,,,,,,,,170,0,127,,187,,,,,,,3,,,,,,,,,,,,,,,,,,0,,,1,,,,,,,,,,,,,,,,,,,,,,,,,,,,,,,,,,,,,,,,,,  3 153,,,,,,,,,,,,152,,,,,,,,,,,,,,,,,,,9,,,,,,,,,,,,9,,,,,,,,,,,,,,,,,,,,,,,,,,,,,16,,,,,,,,,152,,,,
Venezuela (Bolivarian Republic of),,,,,,,,11,  1 981,,  1 144,606,504,,16,,,,,204,,,,,369,454,,,  1 220,,,1,,,,,,  3 339,11,,,,  2 349,,,,  33 123,,,,  1 030,,0,431,,16,11,,,188,,11,  14 235,  2 549,26,258,,,,,,,,34,  3 253,,,,,,  1 662,,,585,,43,,,113,,,478,  2 510,,75,169,6,,,,,24,,640,  9 773,,,45,,,,,,,6,,,,,,,25,,,,,,,,,,,,  1 460,,,,,,,,,,,,  1 474,,,146,,,,,80,,,,487,,,  2 316,,67,  14 959,  1 264,,,,,3,371,,,,27,,,,,,,,4,,,,0,,5,,,296,,  32 469,,,,,,352,  1 787,,,,,,,,,  1 337,,9,,,,,,,555,,  42 119,,773,,,,,,,,,
Viet Nam,,,,1,,,,,11,,,  136 918,  1 842,,,,  40 088,,182,395,,,,,1,,,,,,,346,,,,  16 771,,  108 997,,,,,10,  18 063,  7 324,,,,,,2,,,,,16,  3 604,716,,  5 087,,,,16,,,,,,,,,,  1 645,  99 095,,,,,,  69 594,,,713,,,,352,,,,,,,,653,76,  2 832,,,,122,,,636,,  6 235,,,,,,372,  13 852,3,,,,,,66,70,,,  12 877,,,,,,,,,81,,,11,,,,,,,,,  7 130,499,  3 076,,,,,,  7 522,,,,5,,,,  18 174,  2 343,5,124,,215,,,4,  32 251,,,,,,,,,,,,,,,,,241,,,,156,,363,,,,,,  8 563,  7 338,,,  18 879,,162,,,,,,7,,,,,  14 964,,  19 674,,  543 262,,,,,10,,,,706,,
Wallis and Futuna Islands,,,,,,,,,,,,,,,,,,,,,,,,,,,,,,,,0,,,,,,5,,,,,0,,,,,,,,,,,,,,,,,,,,12,,,,,,,,,,,,,,30,,,,,,,884,,,,,,,,,,,,,,,,,,,,,,,,,,,,,,,,,,,,,,,,,,,,,,,,,,,,,,,,,,,,,,,  5 558,,,,,,,,,,,,,,,,,,,,,,,,,,,,,,,,,,,,,,,,,,,,,,,,,,,,,,,,,,,,,,,,,,,,,,,,,,,,,,,,,,,,,
Western Sahara,,,  167 905,,,,,,,,,,,,,,,,,,,,,,,,,,,,,0,,,,,,,,,,,1,,,,,,,,,,,,,,4,,,,,,,,,,,,,,,,,,15,,,,,,,,,203,,,,,,,,,,,,,,,,,,0,,,,,,,,,,,,,,,,,,,,,,,,,,,,,,,,,,,,,,,,,,,,,,,,,,,,0,,,,,,,,,,,,,,,,,111,,,,,,,,,,,,,,,,,,,,,,,,,,,,,,,,,,,,,,,,,,,,,,,,,,,,,,,,,,,,,
Yemen,,,  2 593,,,,,,,,,221,52,,,  5 876,,,14,60,,,,,1,,,,,,,28,,,,,,461,,,,,,,,,,,,,,,,,,4,27,,,73,289,,,,  3 839,,,,,68,,,,4,911,,,,,,991,,,69,,,,,,,,,,,,241,0,,,,  1 543,6,,  36 222,40,,,  2 439,,,,  36 441,,,1,  1 114,,,  10 956,,,,,,,,,,,,,,,,,,,,,,,,,,,66,,,13,,,,,13,,,,,,,,,132,,,  10 506,,,,,986,,,,,,,,,,  286 032,,,,,,,6,,,,83,,21,,  1 486,,,,135,171,,,0,,,,,,,,16,,,,,,  44 514,  1 745,,  4 933,,,,,,,,,,,
Zambia,,,,,,119,,,1,,,  2 312,63,,,,,,,81,,,,,0,,,  1 991,,,,3,,,,,,  1 339,3,,,,2,,,,,,,,,,0,,,34,5,,,175,,,,,26,,,91,,,,,,45,275,,,,,,303,,,189,,,,,,,,,,,,2,2,  1 008,,,,65,,,20,,,,,,,,,,,,77,,,,,,,  5 637,,,,,,,,,,,,,,,,,  1 288,,  4 473,,,411,,222,,,,,,115,,,,,,,,,53,,,,,,,,354,,,,,,,,,,,,6,,,,,,,,,  6 346,,13,,,,,,192,165,,38,,,,,,,,,,,,,,,,  16 558,  18 188,  2 954,,,,,,,,,,,  17 966
Zimbabwe,,,,,,,,,3,,,  8 265,165,,0,,,,,49,,,,,1,,,  4 905,,,,4,,,,,,  2 221,6,,,,2,,,,,,,,2,,,,,76,5,,,149,,,,,38,,,82,,,,,,10,386,,,,,,,,,61,,,,,,,,,,,,9,4,,,,,185,,,30,,,,,,,,,,1,,77,,,,,,,  3 851,,,,15,,,,,,,,,,,,,  8 455,,  21 364,,,  1 521,,676,,,,,,70,,,,,,,,,35,395,,,,,,,265,,,,1,,,,,,,,3,,,,,,,,,  61 875,,23,,,,,,199,462,,,0,,,,,,,,,,,,,,,  20 857,488,  4 767,,,,,14,,,,,  34 625,
